--
-- PostgreSQL database dump
--

-- Dumped from database version 16.4 (Ubuntu 16.4-1.pgdg24.04+2)
-- Dumped by pg_dump version 16.4 (Ubuntu 16.4-1.pgdg24.04+2)

SET statement_timeout = 0;
SET lock_timeout = 0;
SET idle_in_transaction_session_timeout = 0;
SET client_encoding = 'UTF8';
SET standard_conforming_strings = on;
SELECT pg_catalog.set_config('search_path', '', false);
SET check_function_bodies = false;
SET xmloption = content;
SET client_min_messages = warning;
SET row_security = off;

--
-- Data for Name: Organization; Type: TABLE DATA; Schema: public; Owner: postgres
--

COPY public."Organization" (id, name) FROM stdin;
1	R88
\.


--
-- Data for Name: User; Type: TABLE DATA; Schema: public; Owner: postgres
--

COPY public."User" (id, name, email, "pilotLicense", role, "organizationId") FROM stdin;
1	Admin	admin@robotics88.com	invalid	ADMIN	1
3	Tyler	tyler@robotics88.com	invalid	ADMIN	1
4	Alex	alex@robotics88.com	invalid	ADMIN	1
5	Erin	erin@robotics88.com	invalid	ADMIN	1
6	Gus	gus@robotics88.com	invalid	ADMIN	1
\.


--
-- Data for Name: BurnUnit; Type: TABLE DATA; Schema: public; Owner: postgres
--

COPY public."BurnUnit" (id, "createdAt", name, polygon, subpolygons, "organizationId", "createdById") FROM stdin;
1	2024-09-28 14:19:42.894917+00	test	0103000020E6100000010000000300000001000004CE6F58C06A79F66E5A443E4001000094116F58C04E166F0336443E40010000C8556F58C0B6ECA93B3C453E40	0103000020E61000000C000000030000000B063570326F58C08EE3865E3C443E4087FBFF93116F58C02418710336443E4059F960FB286F58C08FCD43FF8F443E400400000059F960FB286F58C08FCD43FF8F443E40718B113D376F58C00AC342CFC6443E40A4382E483F6F58C0A02C58DA3E443E400B063570326F58C08EE3865E3C443E40040000000DBE36B14D6F58C049B6E329B3443E40A2B657B75D6F58C00073A8BC44443E40A4382E483F6F58C0A02C58DA3E443E40123553E63C6F58C0D0A2D31E67443E4004000000123553E63C6F58C0D0A2D31E67443E40718B113D376F58C00AC342CFC6443E40C3EF40D2436F58C02001822FF7443E400DBE36B14D6F58C049B6E329B3443E4004000000BC1A706D676F58C0DA815577FC443E403229F6DE666F58C0D16DAD8146443E40A2B657B75D6F58C00073A8BC44443E4066D70A28516F58C0C4C8884A9B443E40050000004F1C40D8526F58C025DD95F130453E4054FBFFC7556F58C015EFAB3B3C453E402FC34885676F58C03728DCEB1A453E40BC1A706D676F58C0DA815577FC443E4066E893DB5C6F58C0C8A30559CE443E400400000066E893DB5C6F58C0C8A30559CE443E4066D70A28516F58C0C4C8884A9B443E40C3EF40D2436F58C02001822FF7443E404F1C40D8526F58C025DD95F130453E4003000000183ABD4AA26F58C0FCBB268DAC443E40DAFBFF03CE6F58C0DB79F86E5A443E40473B220B9E6F58C06532042B51443E4004000000473B220B9E6F58C06532042B51443E40046B1B99846F58C0E2466F404C443E40867D89C28D6F58C002385F1CD3443E40183ABD4AA26F58C0FCBB268DAC443E400400000062982282676F58C06A2E44E616453E402FC34885676F58C03728DCEB1A453E4015D1B6337A6F58C0CE0BF4D6F7443E407A228454766F58C07E4D03664F443E40040000007A228454766F58C07E4D03664F443E40EB8C9E31766F58C0A872D57749443E403229F6DE666F58C0D16DAD8146443E4062982282676F58C06A2E44E616453E400400000015D1B6337A6F58C0CE0BF4D6F7443E40867D89C28D6F58C002385F1CD3443E40046B1B99846F58C0E2466F404C443E40EB8C9E31766F58C0A872D57749443E40	1	1
2	2024-09-28 17:10:26.675401+00	test2	0103000020E6100000010000000300000000000070AE6E58C07036DF8675433E4001000000D36E58C03B65322CBA453E40000000C0136E58C0E3C3BFFD47453E40	0103000020E61000001900000003000000A03E9E56396E58C0F7812C705E453E408AFDFFBF136E58C08EC1C1FD47453E40587BECA0326E58C018F596E2EA443E4004000000587BECA0326E58C018F596E2EA443E40B0E1ED81436E58C07F8844FDB7443E40572C35614A6E58C049C42E9D68453E40A03E9E56396E58C0F7812C705E453E400400000040B875865E6E58C0614294A1D4443E403EE56686686E58C0AA38F39C7A453E40572C35614A6E58C049C42E9D68453E405A95AF79486E58C0D93B69AB37453E40040000005A95AF79486E58C0D93B69AB37453E40B0E1ED81436E58C07F8844FDB7443E401BD755E9586E58C0E82E777277443E4040B875865E6E58C0614294A1D4443E400400000055D52B6B7E6E58C09BF525AF87453E403EE56686686E58C0AA38F39C7A453E40E2B39A96646E58C0F830334539453E40FBF15B4A726E58C03DDDF3EDE9443E400400000042324C0D896E58C0B64F21DF08453E4015D4DC098E6E58C0CBCA530291453E4055D52B6B7E6E58C09BF525AF87453E409AC6616B786E58C0FF0EEEA639453E40040000009AC6616B786E58C0FF0EEEA639453E40FBF15B4A726E58C03DDDF3EDE9443E4030C45122846E58C01F29CB9A82443E4042324C0D896E58C0B64F21DF08453E4005000000E5E6667F7A6E58C06225682A12443E40348E8A777F6E58C0BDF1102E03443E4030C45122846E58C01F29CB9A82443E40B5AF499A7A6E58C0C88721CCB9443E4080409EC7766E58C09A9F3D72A9443E400300000080409EC7766E58C09A9F3D72A9443E401AA7C392636E58C0C8E9D54B57443E40E5E6667F7A6E58C06225682A12443E400400000049ACD2705F6E58C02DB7C1D3E3443E401BD755E9586E58C0E82E777277443E401AA7C392636E58C0C8E9D54B57443E4086381EA26D6E58C0B2CF3E5382443E400400000086381EA26D6E58C0B2CF3E5382443E40B5AF499A7A6E58C0C88721CCB9443E40E2B39A96646E58C0F830334539453E4049ACD2705F6E58C02DB7C1D3E3443E4004000000DF9A2210A46E58C02B881C289E453E4015D4DC098E6E58C0CBCA530291453E4012A7BDFC896E58C06FEA356822453E40A760190C946E58C09DB79016F6443E40040000007467D78BA96E58C0C6E312A420453E40D9F2AED5AA6E58C040CAE832A2453E40DF9A2210A46E58C02B881C289E453E40910C0EFB9B6E58C0A0DE945749453E4004000000910C0EFB9B6E58C0A0DE945749453E40A760190C946E58C09DB79016F6443E4094860B3DA86E58C0DDDC54229D443E407467D78BA96E58C0C6E312A420453E40040000003843F666B96E58C0E20EEEE4AA453E40D9F2AED5AA6E58C040CAE832A2453E40F1F8CAE2A96E58C0FCAF6ECB42453E40BCCF97CFBD6E58C07E0FE596FD443E40040000005A2C94A4CA6E58C076797D7635453E40C7FDFFFFD26E58C03861342CBA453E403843F666B96E58C0E20EEEE4AA453E404F8E37B4BA6E58C06E9E1AB977453E40040000004F8E37B4BA6E58C06E9E1AB977453E40BCCF97CFBD6E58C07E0FE596FD443E404826F873C56E58C0D071AF0BE3443E405A2C94A4CA6E58C076797D7635453E40040000005FBE5C39AC6E58C09CE422938B443E4098FD83A9BB6E58C0C80FE38E47443E404826F873C56E58C0D071AF0BE3443E40D5B49EEFBD6E58C0397BA727FD443E4004000000D5B49EEFBD6E58C0397BA727FD443E40F1F8CAE2A96E58C0FCAF6ECB42453E4094860B3DA86E58C0DDDC54229D443E405FBE5C39AC6E58C09CE422938B443E4004000000832D0C36B36E58C091558D57C1433E4098FD83A9BB6E58C0C80FE38E47443E4089037840AC6E58C0F8BBD3738B443E406EF844889F6E58C06070EBE946443E4004000000B619A5119C6E58C000D67EECAC433E407AFDFF6FAE6E58C00F33E18675433E40832D0C36B36E58C091558D57C1433E407DC46E2AAA6E58C0C27933BDFE433E40040000007DC46E2AAA6E58C0C27933BDFE433E406EF844889F6E58C06070EBE946443E40A77E8DF78B6E58C0B864C87BDD433E40B619A5119C6E58C000D67EECAC433E400400000017FA095F856E58C01FF6EA61A4443E40348E8A777F6E58C0BDF1102E03443E40A77E8DF78B6E58C0B864C87BDD433E40CD53C8359A6E58C0D595143C2A443E40040000005DA7988E9E6E58C0DE8F74C9C7443E4012A7BDFC896E58C06FEA356822453E4017FA095F856E58C01FF6EA61A4443E40F5D086D68C6E58C00B3ED09D78443E4004000000F5D086D68C6E58C00B3ED09D78443E40CD53C8359A6E58C0D595143C2A443E4089037840AC6E58C0F8BBD3738B443E405DA7988E9E6E58C0DE8F74C9C7443E40	1	1
3	2024-09-28 18:36:13.374644+00	testa	0103000020E6100000010000000400000000000013A35156C0DD057B29F7D342400100C0DAA25156C05D0D8470ECD342400100C089995156C04D2BAE22EDD342400100C05C995156C020943977F6D34240	0103000020E61000000100000004000000FD9E0013A35156C007067D29F7D34240189EC0DAA25156C0120A8670ECD34240039FC089995156C08629B022EDD34240579FC05C995156C0D2943B77F6D34240	1	6
4	2024-09-28 20:23:05.649399+00	bigilly2	0103000020E6100000010000000600000001000010A65156C0CB0C7E80D7D3424000000045AD5156C0B3D396B908D4424001000015B05156C0B1ADD0B136D44240010000CAA05156C01EC2E8AC2CD442400000007F915156C0FDE4EA9413D44240010000DD7E5156C04CEB48C4EDD34240	0103000020E6100000020000000500000082241809A85156C0F0E543FAE4D34240C59E0045AD5156C012D398B908D44240C39E0015B05156C01BAAD2B136D4424047A000CAA05156C08FBEEAAC2CD442409359CFE0985156C02734DFB11FD44240050000009359CFE0985156C02734DFB11FD44240AC9D007F915156C0E2E4EC9413D44240AC9F00DD7E5156C091EA4AC4EDD34240C89F0010A65156C0A50C8080D7D3424082241809A85156C0F0E543FAE4D34240	1	6
5	2024-09-28 23:43:57.088685+00	discovery	0103000020E61000000100000004000000010000FF749A5EC0D52F426915D44740010000B6729A5EC04869519843D44740010000E9999A5EC00375001F4CD447400100005C9F9A5EC0F17973FA0FD44740	0103000020E610000002000000040000009DF07177899A5EC0C8F4758B48D4474038FBFFE8999A5EC08FE9031F4CD447407AF9FF5B9F9A5EC05BEE76FA0FD44740A0C90612879A5EC06CA9F11713D4474004000000A0C90612879A5EC06CA9F11713D44740D8FBFFFE749A5EC085A3456915D4474030FAFFB5729A5EC0E2DD549843D447409DF07177899A5EC0C8F4758B48D44740	1	6
6	2024-09-29 00:34:46.027565+00	discovery2	0103000020E61000000100000006000000000000C2C09A5EC08D6930FC18D44740010000E5AC9A5EC0524A29DAFBD34740010000D3919A5EC0F26D6AB107D4474001008054909A5EC04E8BCD4318D447400100006AA09A5EC01CA8D5A64BD44740010000E7B99A5EC04DB2090141D44740	0103000020E61000000200000005000000F6F21C4BAD9A5EC068E2F16FFCD347409DFCFFE4AC9A5EC071C12CDAFBD3474054FBFFD2919A5EC065E56DB107D4474081FC7F54909A5EC03A00D14318D44740570BFCC59F9A5EC0A1B8D99A49D4474005000000570BFCC59F9A5EC0A1B8D99A49D447408BFBFF69A09A5EC0961DD9A64BD447406DF9FFE6B99A5EC089260D0141D4474085F9FFC1C09A5EC00AE033FC18D44740F6F21C4BAD9A5EC068E2F16FFCD34740	1	6
9	2024-09-29 19:17:23.696893+00	Magnuson	0103000020E6100000010000000400000001000080B1915EC02D46BAD133D8474001000040B78F5EC05366CFC4B0D84740000000C0738F5EC0BF675C7A12D6474001000020B7915EC066CCBB7A95D54740	0103000020E610000019010000040000002B49BDB704905EC0062FB022F3D647408CA6A91FF78F5EC0BB2B167C18D747409DF27008E08F5EC06112B81EEAD6474015947B03F08F5EC02220769FC7D647400400000015947B03F08F5EC02220769FC7D64740ACECBEA5FD8F5EC002F7C030AAD64740066F585F14905EC01480551FC8D647402B49BDB704905EC0062FB022F3D6474003000000335640A9DD8F5EC0453CB00E80D64740ACECBEA5FD8F5EC002F7C030AAD64740E58C8119E68F5EC0414F3206DDD6474005000000E58C8119E68F5EC0414F3206DDD647409DF27008E08F5EC06112B81EEAD64740958CA140D58F5EC08610EC78D4D64740B4280E2BD88F5EC0E6BA55D278D64740335640A9DD8F5EC0453CB00E80D64740040000002F14505CDB8F5EC0182E384057D747406B50D9B9D18F5EC0EF04AC4E43D74740958CA140D58F5EC08610EC78D4D64740F8805BC2E28F5EC014EF2198EFD6474004000000F8805BC2E28F5EC014EF2198EFD647408CA6A91FF78F5EC0BB2B167C18D747405A01182ADE8F5EC0B751FD0D5DD747402F14505CDB8F5EC0182E384057D7474004000000F94A4025EA8F5EC0791FDD233CD74740EC5F951DF68F5EC09DCD21411BD747404E0F22BF06905EC063B52A032DD74740C164E40AFE8F5EC069BF920A5DD7474004000000C164E40AFE8F5EC069BF920A5DD74740196D2F58F58F5EC0DB92CA088DD747405A01182ADE8F5EC0B751FD0D5DD74740F94A4025EA8F5EC0791FDD233CD747400400000091ABD9FD12905EC09B7CE24F78D74740816547D607905EC0B92B284FB3D74740196D2F58F58F5EC0DB92CA088DD74740DC5BF862FD8F5EC0A4B022A960D7474004000000DC5BF862FD8F5EC0A4B022A960D747404E0F22BF06905EC063B52A032DD74740F19CA8C71C905EC03C26A08944D7474091ABD9FD12905EC09B7CE24F78D7474004000000653CABCD0B905EC04DB8C9AADFD64740066F585F14905EC01480551FC8D64740B52D56EF2D905EC0E36E2FCAE9D647403A71769E20905EC015FAEF3A30D747400400000074A9C66606905EC00918D3A42CD74740EC5F951DF68F5EC09DCD21411BD74740653CABCD0B905EC04DB8C9AADFD64740751F93BE17905EC00E883FE20DD7474004000000751F93BE17905EC00E883FE20DD747403A71769E20905EC015FAEF3A30D74740F19CA8C71C905EC03C26A08944D7474074A9C66606905EC00918D3A42CD7474003000000FF5CB3F914905EC0DB837AF282D64740EBB4B3390D905EC0508D4A4C27D64740479768662B905EC06A7C47F460D6474004000000479768662B905EC06A7C47F460D64740EF49E6083D905EC00BFBC5A582D64740A0F4533218905EC05C698F09A9D64740FF5CB3F914905EC0DB837AF282D64740050000008013E45A36905EC0C13C9E3EBDD64740B52D56EF2D905EC0E36E2FCAE9D64740535068A21B905EC0E491E3AFD1D64740A0F4533218905EC05C698F09A9D64740C47EE7DB20905EC0CC29A702A0D6474004000000C47EE7DB20905EC0CC29A702A0D64740EF49E6083D905EC00BFBC5A582D647403138AE4340905EC06D2265D188D647408013E45A36905EC0C13C9E3EBDD6474004000000DB180DCE2F905EC00ED4D15E69D64740A82B8BE52B905EC0713C31E761D647409CB915EA2D905EC06ABB7F9515D64740ED04D4F244905EC0B141F77F35D6474004000000ED04D4F244905EC0B141F77F35D6474010B032B74D905EC0D3BB9FA541D647403138AE4340905EC06D2265D188D64740DB180DCE2F905EC00ED4D15E69D64740040000005569C48940905EC0462AA856E6D5474038F79A4360905EC02258057FDFD5474010B032B74D905EC0D3BB9FA541D64740379888C145905EC026D75D9E36D6474004000000379888C145905EC026D75D9E36D647409CB915EA2D905EC06ABB7F9515D647406EDA52102F905EC0A61F521BEAD547405569C48940905EC0462AA856E6D547400400000082BB18B712905EC0AEEEBDC931D64740EBB4B3390D905EC0508D4A4C27D64740F0D8F8BF08905EC038451C5EF2D54740381054AE2E905EC0AEA57330EAD5474004000000381054AE2E905EC0AEA57330EAD547406EDA52102F905EC0A61F521BEAD54740A82B8BE52B905EC0713C31E761D6474082BB18B712905EC0AEEEBDC931D6474003000000445D111DD88F5EC087CAE8BF78D64740B4280E2BD88F5EC0E6BA55D278D64740F20F542CD88F5EC01EE850AA78D64740030000006880062114905EC0D17342F078D64740535068A21B905EC0E491E3AFD1D6474093D453E001905EC0329DB1C2AFD647400400000093D453E001905EC0329DB1C2AFD6474009D0E7B0F58F5EC0D3B6DBB59FD64740B106AF2C10905EC0AAB4C52C4AD647406880062114905EC0D17342F078D64740040000004C9119C4F08F5EC0C419A25655D64740A21E22F80B905EC00297487118D64740B106AF2C10905EC0AAB4C52C4AD64740AF97B10A06905EC0928708E76AD6474004000000AF97B10A06905EC0928708E76AD6474009D0E7B0F58F5EC0D3B6DBB59FD647402E7981ACDD8F5EC0D1B3F91280D647404C9119C4F08F5EC0C419A25655D6474004000000872738EAEE8F5EC0E919DFEFF7D54740F0D8F8BF08905EC038451C5EF2D54740A21E22F80B905EC00297487118D647405C96D0FEF88F5EC05A47C8EA42D64740050000005C96D0FEF88F5EC05A47C8EA42D64740CD63C5BCF58F5EC0CAAACA354AD647404B9FA988DA8F5EC030B210742ED64740EF749E23DC8F5EC0AE6DEFFBFBD54740872738EAEE8F5EC0E919DFEFF7D5474005000000CD63C5BCF58F5EC0CAAACA354AD647402E7981ACDD8F5EC0D1B3F91280D64740445D111DD88F5EC087CAE8BF78D64740F20F542CD88F5EC01EE850AA78D647404B9FA988DA8F5EC030B210742ED6474003000000AB5F07EBAB8F5EC0BBF2596006D6474075E93A1DDC8F5EC00AF44FFDFBD54740522351CAC38F5EC00AB8BBAC38D6474004000000522351CAC38F5EC00AB8BBAC38D6474071DE5C27AF8F5EC0A01116286CD64740A550F09BA48F5EC0087189F307D64740AB5F07EBAB8F5EC0BBF2596006D647400300000085627A98918F5EC00CB7A0444CD647407C43CC8D748F5EC04D710A4E12D647404C49E48A978F5EC0657C4BC40AD64740050000004C49E48A978F5EC0657C4BC40AD64740A550F09BA48F5EC0087189F307D647404AD49AD0A88F5EC054FB6AEB2FD64740DDC84A50928F5EC0C4C17AB34DD6474085627A98918F5EC00CB7A0444CD64740040000004AD49AD0A88F5EC054FB6AEB2FD6474071DE5C27AF8F5EC0A01116286CD64740A288481EA98F5EC0B5A469367BD64740DDC84A50928F5EC0C4C17AB34DD64740040000004B63D0DF7C8F5EC0B5E2441D6DD6474008F8FFBF738F5EC094DD5F7A12D647407C43CC8D748F5EC04D710A4E12D647403A623346978F5EC0DF8DE99957D6474005000000B2B42BC6968F5EC03D06C4F8A8D64740EF4C14B38F8F5EC0EB054D9EBAD64740BE0E47C6818F5EC0FE7688C99DD647404B63D0DF7C8F5EC0B5E2441D6DD6474018F3F82C898F5EC02BDD151763D647400400000018F3F82C898F5EC02BDD151763D647403A623346978F5EC0DF8DE99957D64740A288481EA98F5EC0B5A469367BD64740B2B42BC6968F5EC03D06C4F8A8D6474004000000B2A95DFDBC8F5EC00C22A24B72D647409A591295D28F5EC074A45CE48BD6474071290F27BB8F5EC022C94E37BCD64740214A994AB38F5EC0DD60EACBADD6474004000000214A994AB38F5EC0DD60EACBADD64740096269BEA18F5EC0AB73C19B8DD64740790651F1B18F5EC07F3F0B3365D64740B2A95DFDBC8F5EC00C22A24B72D64740040000003D8154E89F8F5EC0587AC42CDCD64740EF4C14B38F8F5EC0EB054D9EBAD64740096269BEA18F5EC0AB73C19B8DD64740B55E5323A98F5EC0DBF8082C9BD6474004000000B55E5323A98F5EC0DBF8082C9BD6474071290F27BB8F5EC022C94E37BCD647403A304DC5A58F5EC05B293A50E8D647403D8154E89F8F5EC0587AC42CDCD6474004000000E626B8D6B48F5EC05CE3FD8107D747403A304DC5A58F5EC05B293A50E8D647402435153FBD8F5EC02C33CAE5B7D647409D1DB92FCF8F5EC0B9DF5774E2D64740040000009D1DB92FCF8F5EC0B9DF5774E2D647406156C469D48F5EC0DD3C4DDAEED647406B50D9B9D18F5EC0EF04AC4E43D74740E626B8D6B48F5EC05CE3FD8107D74740040000002435153FBD8F5EC02C33CAE5B7D647409A591295D28F5EC074A45CE48BD64740F6506D61D78F5EC053B2739491D647406156C469D48F5EC0DD3C4DDAEED64740040000002F449CD4C68F5EC0E5400D1731D6474075E93A1DDC8F5EC00AF44FFDFBD54740EF749E23DC8F5EC0AE6DEFFBFBD54740FAD62DC8D98F5EC0B8114D1746D6474004000000B9B140DDC48F5EC045E95EA17BD64740790651F1B18F5EC07F3F0B3365D647402F449CD4C68F5EC0E5400D1731D64740A8AED919D08F5EC03465FA5C3BD6474004000000A8AED919D08F5EC03465FA5C3BD64740FAD62DC8D98F5EC0B8114D1746D64740F6506D61D78F5EC053B2739491D64740B9B140DDC48F5EC045E95EA17BD6474003000000284FD5F0AF8F5EC0EEFD113668D84740241F9B34A68F5EC05247C08F07D847405B49D4DEC68F5EC0DB47C0D037D84740040000005B49D4DEC68F5EC0DB47C0D037D84740110DD699DA8F5EC0E84AD1F554D847403CF3D4CBB38F5EC0A0CE077C8ED84740284FD5F0AF8F5EC0EEFD113668D847400500000015B8635ADB8F5EC0417B6D8B9ED84740EE63E780D98F5EC0C08CE352A8D84740B1F7FF3FB78F5EC02ADDD2C4B0D847403CF3D4CBB38F5EC0A0CE077C8ED847404B88A640C48F5EC0F0F0191776D84740040000004B88A640C48F5EC0F0F0191776D84740110DD699DA8F5EC0E84AD1F554D847401E7A1311E68F5EC0F5066DE565D8474015B8635ADB8F5EC0417B6D8B9ED8474003000000D6CB5B64E38F5EC061586A72D2D74740660E7EB107905EC0582AB711B4D74740FF781CAAF58F5EC032DE606A13D8474004000000FF781CAAF58F5EC032DE606A13D84740545A844EF18F5EC00671D2752AD84740B0DF1CDDC78F5EC048F2477BE9D74740D6CB5B64E38F5EC061586A72D2D7474005000000545A844EF18F5EC00671D2752AD847401E7A1311E68F5EC0F5066DE565D847407EEF76EADC8F5EC0291B316158D84740E7B1F077C88F5EC09F37BBF9E8D74740B0DF1CDDC78F5EC048F2477BE9D7474005000000F3B232EFB58F5EC090921CCC1ED84740241F9B34A68F5EC05247C08F07D8474027A9FE06A68F5EC0F63BE8CA05D84740E7B1F077C88F5EC09F37BBF9E8D747405AEA7A88CB8F5EC06D2869ACF9D74740030000005AEA7A88CB8F5EC06D2869ACF9D747407EEF76EADC8F5EC0291B316158D84740F3B232EFB58F5EC090921CCC1ED84740030000004892815F8A8F5EC0C0F21630F3D64740BE0E47C6818F5EC0FE7688C99DD64740388785049F8F5EC002912155DAD6474004000000388785049F8F5EC002912155DAD64740FCA237A3AD8F5EC068398D99F8D64740273662AC8E8F5EC042CE2DE51DD747404892815F8A8F5EC0C0F21630F3D647400400000017C555BBAD8F5EC028C0515340D7474099999E19958F5EC0A5D56DB75DD74740273662AC8E8F5EC042CE2DE51DD74740538899CD9C8F5EC0842170E00CD7474004000000538899CD9C8F5EC0842170E00CD74740FCA237A3AD8F5EC068398D99F8D64740B7C185A6C38F5EC03F82932B26D7474017C555BBAD8F5EC028C0515340D7474004000000CCC782089D8F5EC0D809D67DACD7474099999E19958F5EC0A5D56DB75DD7474064F87C52A88F5EC0A5A1C8C746D74740916B55ACB08F5EC01576B82B5CD7474004000000916B55ACB08F5EC01576B82B5CD74740BB7AD7BBC48F5EC0E507528D8FD7474081CD68699F8F5EC09D7FBD1BC4D74740CCC782089D8F5EC0D809D67DACD74740040000004AA0A410CE8F5EC00979A1BA3BD747404CABCC62E28F5EC095F2F8CA65D74740BB7AD7BBC48F5EC0E507528D8FD74740AF45150DBB8F5EC0A78F93C076D7474004000000AF45150DBB8F5EC0A78F93C076D7474064F87C52A88F5EC0A5A1C8C746D74740B7C185A6C38F5EC03F82932B26D747404AA0A410CE8F5EC00979A1BA3BD7474005000000AC48DD03A98F5EC0C4D2F54A03D8474027A9FE06A68F5EC0F63BE8CA05D8474081CD68699F8F5EC09D7FBD1BC4D74740E938B014B28F5EC0F9FFC6D1A9D74740F2B789CFB48F5EC013EF5DB6B2D7474003000000F2B789CFB48F5EC013EF5DB6B2D747403F68EC14C68F5EC04D7BFDF8EAD74740AC48DD03A98F5EC0C4D2F54A03D847400400000095681776D28F5EC060F22313A6D74740A20C4BAFE08F5EC01AC05CB6D4D747403F68EC14C68F5EC04D7BFDF8EAD747401AC4F8BCBE8F5EC01969300DD3D74740040000001AC4F8BCBE8F5EC01969300DD3D74740E938B014B28F5EC0F9FFC6D1A9D74740EFC63088C98F5EC0CB0A7DCB88D7474095681776D28F5EC060F22313A6D747400500000038D29444F48F5EC0C16058CE8AD74740816547D607905EC0B92B284FB3D74740660E7EB107905EC0582AB711B4D74740A20C4BAFE08F5EC01AC05CB6D4D74740DADD49A9DD8F5EC04CDB84CCCAD747400400000012E0D287DC8F5EC0DF8B0A0A6ED747404CABCC62E28F5EC095F2F8CA65D7474038D29444F48F5EC0C16058CE8AD747409877A006E38F5EC079821D9DBBD74740040000009877A006E38F5EC079821D9DBBD74740DADD49A9DD8F5EC04CDB84CCCAD74740EFC63088C98F5EC0CB0A7DCB88D7474012E0D287DC8F5EC0DF8B0A0A6ED7474003000000A5D528AB4E905EC0BA203EB4F7D74740855950E03B905EC0A669EFE1DBD74740FC8F769255905EC0925A105D53D7474004000000FC8F769255905EC0925A105D53D747404112945557905EC0158221004AD747404B11332C60905EC0C547FD9D11D84740A5D528AB4E905EC0BA203EB4F7D747400400000091ED609B35905EC0AADA2EA277D7474011D1A29756905EC0ADDDB93D39D747404112945557905EC0158221004AD74740D7EA6BF74A905EC0531272B68BD7474004000000CF6638E93C905EC0075BA262D6D74740855950E03B905EC0A669EFE1DBD7474068C410A11A905EC0911B7FA8AAD74740E821640F31905EC06806C53B80D7474004000000E821640F31905EC06806C53B80D7474091ED609B35905EC0AADA2EA277D74740D7EA6BF74A905EC0531272B68BD74740CF6638E93C905EC0075BA262D6D7474005000000A4D84EAC48905EC0F6EDFCB70AD7474016579B7C55905EC06B86894420D7474011D1A29756905EC0ADDDB93D39D747409D7A981843905EC078D18A1E5ED74740F4B8A7FB34905EC0E4899D334DD7474004000000E146BD1D2A905EC09A9BC7FDFDD647402A6B67A92F905EC02A388FA7E0D64740A4D84EAC48905EC0F6EDFCB70AD74740DF2934D23B905EC0D87C191D36D7474004000000DF2934D23B905EC0D87C191D36D74740F4B8A7FB34905EC0E4899D334DD7474080A891EA1F905EC0AD8485F233D74740E146BD1D2A905EC09A9BC7FDFDD64740040000003EED77572D905EC0A7763B4487D7474068C410A11A905EC0911B7FA8AAD747405549A4390D905EC0CEC4C4CF96D7474021DF1D5B17905EC02EC44D3A61D747400400000021DF1D5B17905EC02EC44D3A61D7474080A891EA1F905EC0AD8485F233D747409D7A981843905EC078D18A1E5ED747403EED77572D905EC0A7763B4487D7474003000000B56FA1E826905EC06F996385F1D74740EE63E4E62C905EC0FB62DAFB53D847402C1ABACC11905EC06590967727D84740040000002C1ABACC11905EC06590967727D847401EF65E4CFF8F5EC02806721309D847402B3ED10125905EC07294ED46D2D74740B56FA1E826905EC06F996385F1D7474005000000E0AA3B4904905EC0EF74EB16C6D747405549A4390D905EC0CEC4C4CF96D74740C518846223905EC0D243349FB7D747402B3ED10125905EC07294ED46D2D747406ECA1FE019905EC0E1674674E2D74740040000006ECA1FE019905EC0E1674674E2D747401EF65E4CFF8F5EC02806721309D84740849E8770F98F5EC0D632AA73FFD74740E0AA3B4904905EC0EF74EB16C6D74740030000005106FB3C0A905EC015ECFF9C1ED84740C0D8A58B0C905EC03E0D623B72D847407C99CDC7F28F5EC04CB648B24BD84740050000007C99CDC7F28F5EC04CB648B24BD847406BC074BBEC8F5EC0D52367A642D84740849E8770F98F5EC0D632AA73FFD747406C1797220A905EC090D48AE01AD847405106FB3C0A905EC015ECFF9C1ED8474004000000E4A1AED8F98F5EC0CD803B59A0D84740EE63E780D98F5EC0C08CE352A8D847406BC074BBEC8F5EC0D52367A642D84740A64C11CAF58F5EC0356E5D3250D8474004000000A64C11CAF58F5EC0356E5D3250D84740C0D8A58B0C905EC03E0D623B72D8474015BFDEAE0D905EC07D77E2749BD84740E4A1AED8F98F5EC0CD803B59A0D8474005000000A0DC4B762A905EC0210CF5F94FD84740EE63E4E62C905EC0FB62DAFB53D8474076D8FFB930905EC03FE134D092D8474015BFDEAE0D905EC07D77E2749BD84740BFC05B0B0D905EC0066C7F4F84D8474003000000BFC05B0B0D905EC0066C7F4F84D847406C1797220A905EC090D48AE01AD84740A0DC4B762A905EC0210CF5F94FD847400300000033751A9560905EC0CB38493912D847404B11332C60905EC0C547FD9D11D84740AC4E083960905EC01C13CBBF12D847400300000084F5FC4B29905EC07D28BFC118D84740C518846223905EC0D243349FB7D747404D7F423139905EC0340DBFE8D7D74740040000004D7F423139905EC0340DBFE8D7D747400F108CFA44905EC0435CD05BE9D747406EBD8E032C905EC043F7226545D8474084F5FC4B29905EC07D28BFC118D8474004000000C65D7BC049905EC06D01CBFF34D84740D3FCDB792E905EC0A702C3D76DD847406EBD8E032C905EC043F7226545D84740A3F342DA35905EC03B3EE41F21D8474004000000A3F342DA35905EC03B3EE41F21D847400F108CFA44905EC0435CD05BE9D74740C4F54CFD5C905EC0BEA5A1E70CD84740C65D7BC049905EC06D01CBFF34D8474004000000021702774B905EC05204AF378CD8474076D8FFB930905EC03FE134D092D84740D3FCDB792E905EC0A702C3D76DD84740CC736ACC45905EC082D5093D3DD8474005000000CC736ACC45905EC082D5093D3DD84740720EAB2646905EC0F5D1F1803CD847408A8D9AB863905EC0A83B61BF61D84740C938C85165905EC0DA36C5D685D84740021702774B905EC05204AF378CD8474005000000720EAB2646905EC0F5D1F1803CD84740C4F54CFD5C905EC0BEA5A1E70CD8474033751A9560905EC0CB38493912D84740AC4E083960905EC01C13CBBF12D847408A8D9AB863905EC0A83B61BF61D84740030000001EB914C3B1905EC059A98F6DBBD7474068573329B1905EC097D2D76ABAD747407EC2304CB1905EC000BFDF1ABCD74740030000004CEC0DC15A905EC0958D4C3E97D7474016579B7C55905EC06B86894420D747409D581A8069905EC0381677EC41D74740040000009D581A8069905EC0381677EC41D7474032B1437673905EC0D242C7AC52D747405CCE69665D905EC0F8E77E00D3D747404CEC0DC15A905EC0958D4C3E97D747400400000050A4D58F78905EC06DDA7424AFD7474027554CD25F905EC0555FC2AF09D847405CCE69665D905EC0F8E77E00D3D7474097A39F7065905EC0EFF2263DA4D747400400000097A39F7065905EC0EFF2263DA4D7474032B1437673905EC0D242C7AC52D747406012644488905EC05888C1A875D7474050A4D58F78905EC06DDA7424AFD747400400000049C12E6E7B905EC0A5E2A0FB16D8474025A26C9462905EC099E9A4F947D8474027554CD25F905EC0555FC2AF09D84740BD69C7E865905EC0F8065268F3D7474004000000BD69C7E865905EC0F8065268F3D74740B389598E6F905EC07D60501AD0D747403A7A1D108F905EC07C4B8546F0D7474049C12E6E7B905EC0A5E2A0FB16D847400400000044C6A1D59C905EC0393AE13D98D74740D40CF57FAD905EC09A9E0D43B4D74740EFF3DFC891905EC06085BFE8EAD747402FFC5AD88B905EC0EB1731ACADD74740040000002FFC5AD88B905EC0EB1731ACADD747408CC900E686905EC0D82B42AB7AD747406012644488905EC05888C1A875D7474044C6A1D59C905EC0393AE13D98D7474004000000EFF3DFC891905EC06085BFE8EAD747403A7A1D108F905EC07C4B8546F0D74740B389598E6F905EC07D60501AD0D747408CC900E686905EC0D82B42AB7AD7474004000000655C0AF36F905EC0E6972B9E2DD847403EB0839C89905EC0EB272306FBD74740E319499B8D905EC0478708B900D847401F3114F98F905EC08AB758E35DD84740050000004C3EAA616F905EC00133395B83D84740C938C85165905EC0DA36C5D685D8474025A26C9462905EC099E9A4F947D84740655C0AF36F905EC0E6972B9E2DD84740D31701407E905EC0DA48952C43D8474004000000D31701407E905EC0DA48952C43D847401F3114F98F905EC08AB758E35DD847400D0C3DB790905EC0E3C986217BD847404C3EAA616F905EC00133395B83D84740040000001DF3C09CB0905EC0A2A134A732D8474058BF3C3EBC905EC08130E53D43D84740C5F517D4BF905EC035DFE7806FD84740894FC6E393905EC09C4403597AD847400400000026073E2F8E905EC055FC5B7A17D84740E319499B8D905EC0478708B900D847401DF3C09CB0905EC0A2A134A732D84740660F15A49D905EC002B42A0262D8474004000000660F15A49D905EC002B42A0262D84740894FC6E393905EC09C4403597AD847400D0C3DB790905EC0E3C986217BD8474026073E2F8E905EC055FC5B7A17D8474005000000D673CFF2AF905EC00D1CFC60B8D747401EB914C3B1905EC059A98F6DBBD747407EC2304CB1905EC000BFDF1ABCD7474058BF3C3EBC905EC08130E53D43D84740F771675EA3905EC0807F83C31FD8474004000000F771675EA3905EC0807F83C31FD847403EB0839C89905EC0EB272306FBD74740D40CF57FAD905EC09A9E0D43B4D74740D673CFF2AF905EC00D1CFC60B8D747400300000026F99D4FA8905EC0C42C3E234DD7474068573329B1905EC097D2D76ABAD747402B70CD928E905EC0B3AC524380D7474004000000D6FEAC678C905EC0DDA03D2545D747400686B7E2A3905EC01409CD7C16D7474026F99D4FA8905EC0C42C3E234DD74740F422969F9F905EC0358A2F655ED7474004000000F422969F9F905EC0358A2F655ED747402B70CD928E905EC0B3AC524380D747400A39A9487D905EC03874D73063D74740D6FEAC678C905EC0DDA03D2545D74740040000003F8F1AD08E905EC0A3F71EABE1D6474086140B509D905EC029AB7A4FC5D647400686B7E2A3905EC01409CD7C16D747403E9E2F2A9A905EC0C93CD1CD29D74740040000003E9E2F2A9A905EC0C93CD1CD29D747404CD4C8BB96905EC0E0A1469F30D74740A519C6FF79905EC0ADFD7F5F0AD747403F8F1AD08E905EC0A3F71EABE1D6474004000000A66BA53F7C905EC0DB8D367361D747401598101963905EC00B9E392837D74740A519C6FF79905EC0ADFD7F5F0AD747403E08434E7C905EC073C789710DD74740040000003E08434E7C905EC073C789710DD747404CD4C8BB96905EC0E0A1469F30D747400A39A9487D905EC03874D73063D74740A66BA53F7C905EC0DB8D367361D74740040000005790163C99905EC0F4727BF192D6474086140B509D905EC029AB7A4FC5D647409EB6A26F8C905EC066441B51E6D64740EF70E34086905EC096A55E6CB8D6474004000000EF70E34086905EC096A55E6CB8D64740517C583A7F905EC00DE0044584D64740AF30CFB595905EC04202C06867D647405790163C99905EC0F4727BF192D64740040000001330DCFC71905EC072ED02FBD1D647409E7C81F65E905EC0E67477AFADD64740517C583A7F905EC00DE0044584D647407E0CC6C285905EC0702B31C4B4D64740040000007E0CC6C285905EC0702B31C4B4D647409EB6A26F8C905EC066441B51E6D647405CA0DEA384905EC063082F90F5D647401330DCFC71905EC072ED02FBD1D6474004000000E13959D24A905EC05D9D9389C7D647409E7C81F65E905EC0E67477AFADD6474013C8A9CD66905EC0F98EBBA4BCD6474017ED92C55D905EC035104013F4D647400400000017ED92C55D905EC035104013F4D64740855C775656905EC09DE0E8B221D74740B2A96DF232905EC06289092EE6D64740E13959D24A905EC05D9D9389C7D6474004000000DDFA666573905EC03FCB274917D747401598101963905EC00B9E392837D74740855C775656905EC09DE0E8B221D7474040B424CD5E905EC07125A2C1EDD647400400000040B424CD5E905EC07125A2C1EDD6474013C8A9CD66905EC0F98EBBA4BCD647405CA0DEA384905EC063082F90F5D64740DDFA666573905EC03FCB274917D7474004000000AE8515DC92905EC0577584116BD6474076C3421D82905EC05D7C7F9080D647401B327A8068905EC02497616368D64740BFD179AD75905EC02DE1731030D64740040000002C22DC3C91905EC0589FD02930D64740AF30CFB595905EC04202C06867D64740AE8515DC92905EC0577584116BD64740277E575E7E905EC038151DA341D6474004000000277E575E7E905EC038151DA341D64740BFD179AD75905EC02DE1731030D64740F8C068258A905EC05BA3B98ED8D547402C22DC3C91905EC0589FD02930D6474005000000B6D589755B905EC06ADF50ECF8D5474038F79A4360905EC02258057FDFD547404BEDB9FA89905EC009B26A7FD6D54740F8C068258A905EC05BA3B98ED8D5474058BC24A67A905EC07CF0C6CF1AD6474004000000AB9689BA6A905EC018AC8DDE5ED647401B327A8068905EC02497616368D64740F32AC18E4B905EC00393BA104DD64740232B0AB559905EC0CEF9A33102D6474004000000232B0AB559905EC0CEF9A33102D64740B6D589755B905EC06ADF50ECF8D5474058BC24A67A905EC07CF0C6CF1AD64740AB9689BA6A905EC018AC8DDE5ED6474004000000827CA0B657905EC05AB996FDB6D64740B2A96DF232905EC06289092EE6D647402A6B67A92F905EC02A388FA7E0D64740960930C63E905EC0450CCAB390D64740040000009571CF2A5B905EC0EE54FECC5BD6474076C3421D82905EC05D7C7F9080D64740827CA0B657905EC05AB996FDB6D6474095A4AC9556905EC08BC4FB41B5D647400400000095A4AC9556905EC08BC4FB41B5D64740960930C63E905EC0450CCAB390D64740F32AC18E4B905EC00393BA104DD647409571CF2A5B905EC0EE54FECC5BD64740030000006C65F374B1915EC076BAC9F538D847403DFBFF7FB1915EC064BFBDD133D8474023B94F7AB0915EC0EF9B671234D847400400000081E6988597915EC04B23C6D460D647408FF3A72392915EC026E17FA02AD64740B0BB189193915EC0B2F2E7B028D64740F8B4C647A9915EC080FDD65551D6474004000000F8B4C647A9915EC080FDD65551D64740FB875D05B4915EC004A8637065D6474079D93AA89F915EC0005BDCBFB2D6474081E6988597915EC04B23C6D460D6474004000000B0BB189193915EC0B2F2E7B028D6474059530249B6915EC01E4B039BF9D54740D7E3E16CB5915EC07BEA6C1B60D64740FB875D05B4915EC004A8637065D64740040000000CF36EF6B6915EC026A0D3D6A8D5474059530249B6915EC01E4B039BF9D5474061642A9DA5915EC0DCE23C3710D6474028F3F1CEA2915EC084BD8534EDD547400400000028F3F1CEA2915EC084BD8534EDD5474036CD8F3E9C915EC053F486499BD5474073FAFF1FB7915EC0B141BF7A95D547400CF36EF6B6915EC026A0D3D6A8D54740040000002F22766E8B915EC021A2A212E7D54740A04C026B84915EC00CD9336FA0D5474036CD8F3E9C915EC053F486499BD54740BBB6B0CDA0915EC052F35D2FD4D5474004000000BBB6B0CDA0915EC052F35D2FD4D5474061642A9DA5915EC0DCE23C3710D647408FF3A72392915EC026E17FA02AD647402F22766E8B915EC021A2A212E7D54740040000002FC73AF76F915EC0CEF6C8C4ECD54740D37C9A3969915EC09B0EDD4EA6D54740A04C026B84915EC00CD9336FA0D5474056A0F4D486915EC0EF5333BFB8D547400400000056A0F4D486915EC0EF5333BFB8D54740B44900598D915EC0D80CFF5EFAD54740F6E653BA72915EC09641A4A309D647402FC73AF76F915EC0CEF6C8C4ECD5474004000000146F201090915EC0A2809CB715D64740CFE5561B97915EC0E9CEC1A65CD647409A0F8B6E7B915EC05E31319C64D6474031F7022E79915EC0D85BB6124DD647400400000031F7022E79915EC0D85BB6124DD64740F6E653BA72915EC09641A4A309D64740B44900598D915EC0D80CFF5EFAD54740146F201090915EC0A2809CB715D64740050000001351E9729B915EC03D0C0A6088D6474079D93AA89F915EC0005BDCBFB2D64740F019077E8D915EC0D4FA8CB4F7D64740F61BC93D89915EC036625DECF4D64740FEA99BF784915EC04B419642C8D64740040000001D0637ED84915EC0357B35E161D64740CFE5561B97915EC0E9CEC1A65CD647401351E9729B915EC03D0C0A6088D64740D52F7D0693915EC0627EFE4FA0D6474004000000D52F7D0693915EC0627EFE4FA0D64740FEA99BF784915EC04B419642C8D647409A0F8B6E7B915EC05E31319C64D647401D0637ED84915EC0357B35E161D6474004000000B655779C6C915EC0F73356B4C9D547407233D79C73915EC0C72730E312D6474055EB33B664915EC03641FA5929D647403A1B8CED5C915EC02BBF61D317D64740040000003A1B8CED5C915EC02BBF61D317D64740AC579BCE49915EC0E74DA4C5ECD54740B1EF4EEC6A915EC02162F50EB8D54740B655779C6C915EC0F73356B4C9D54740040000002B156BCF4B915EC0055824A9ACD54740D37C9A3969915EC09B0EDD4EA6D54740B1EF4EEC6A915EC02162F50EB8D54740C11D5F4550915EC0A156B37BE2D5474005000000C11D5F4550915EC0A156B37BE2D54740AC579BCE49915EC0E74DA4C5ECD54740DCB3950A32915EC00E8C9641B7D54740AD92B11F32915EC056AD1535B2D547402B156BCF4B915EC0055824A9ACD547400400000054F4A26830915EC090F2D9361BD64740DCB3950A32915EC00E8C9641B7D547409C72963148915EC02A31A223E9D5474055E7DBB040915EC00163014B28D647400400000055E7DBB040915EC00163014B28D64740A03ABAAD38915EC0CAF8A5BA6BD6474044D6FED92E915EC0E4CFBA8A7AD6474054F4A26830915EC090F2D9361BD6474003000000B868593057915EC0E360BDBC3DD64740A03ABAAD38915EC0CAF8A5BA6BD647408ECF29A542915EC04E56E8D717D64740040000008ECF29A542915EC04E56E8D717D647409C72963148915EC02A31A223E9D5474055EB33B664915EC03641FA5929D64740B868593057915EC0E360BDBC3DD6474003000000080FF5F544915EC04F84123759D64740DEF00DA85C915EC0D5B1B27E35D647406B2F080456915EC0C883B91A94D64740040000006B2F080456915EC0C883B91A94D647403D4F962B54915EC0DAFF1765AED647406AB360D933915EC058A2440273D64740080FF5F544915EC04F84123759D6474004000000BB87A7D92D915EC059D5A2D5B7D6474044D6FED92E915EC0E4CFBA8A7AD647406AB360D933915EC058A2440273D64740579D278846915EC08A8B2F5695D6474005000000579D278846915EC08A8B2F5695D647403D4F962B54915EC0DAFF1765AED64740250697C451915EC06C45EA9DD0D64740DBC563D42D915EC006EDE017B9D64740BB87A7D92D915EC059D5A2D5B7D64740040000007359A68868915EC04CF96E84DFD64740250697C451915EC06C45EA9DD0D647407B089B6354915EC0B3601347ABD647408B1D7AA36D915EC008E7907A7ED6474004000000DC72690081915EC072289DD19ED64740F61BC93D89915EC036625DECF4D647407359A68868915EC04CF96E84DFD647402A0E05236A915EC0C225E90BC1D64740040000002A0E05236A915EC0C225E90BC1D647408B1D7AA36D915EC008E7907A7ED64740E9CDBF8B7B915EC0D6726DCD65D64740DC72690081915EC072289DD19ED647400500000047628C555B915EC05959945548D64740DEF00DA85C915EC0D5B1B27E35D647407233D79C73915EC0C72730E312D64740E9CDBF8B7B915EC0D6726DCD65D647409778946F79915EC02832E38B69D64740030000009778946F79915EC02832E38B69D647407B089B6354915EC0B3601347ABD6474047628C555B915EC05959945548D6474004000000B78634EB39915EC0AA08F2E134D84740F4BA1FE431915EC028A5A85753D84740568AE41427915EC0181D070356D847402B4EDB3928915EC0D865880010D84740040000002B4EDB3928915EC0D865880010D84740111981F128915EC00A1BBD1CE4D747402E204D8A46915EC01EDA67FD04D84740B78634EB39915EC0AA08F2E134D8474004000000D56CFAE251915EC0FCA6D8EED9D747402E204D8A46915EC01EDA67FD04D8474060FCCD3237915EC05212A0F2F3D74740C58588413E915EC001BC948BC3D7474004000000C58588413E915EC001BC948BC3D74740BB42C2D844915EC0084B765796D747406F4D06FD5D915EC02F29D601ACD74740D56CFAE251915EC0FCA6D8EED9D74740040000005BE433292A915EC06CE8139D99D74740811794952A915EC09C6E82B57FD74740BB42C2D844915EC0084B765796D7474051DC388A3B915EC0AFBD4D2CD6D747400400000051DC388A3B915EC0AFBD4D2CD6D7474060FCCD3237915EC05212A0F2F3D74740111981F128915EC00A1BBD1CE4D747405BE433292A915EC06CE8139D99D74740030000008F2284E653915EC06A576EB08DD74740BD9DB12E50915EC03F940DB91FD74740E4D630AA69915EC05AC0FBA951D7474005000000E4D630AA69915EC05AC0FBA951D7474009C8A8A971915EC045C67A5661D747406F4D06FD5D915EC02F29D601ACD74740450653A754915EC0F8D793F6A3D747408F2284E653915EC06A576EB08DD74740040000007FD806517F915EC03ABC94832DD7474009C8A8A971915EC045C67A5661D747407BA662D65C915EC007BF678638D747408E4FFF0D68915EC001EF775F0ED74740040000008E4FFF0D68915EC001EF775F0ED747407842A0BE72915EC01DCD3C33E6D64740F019077E8D915EC0D4FA8CB4F7D647407FD806517F915EC03ABC94832DD7474003000000F2DE05B757915EC019A36182D4D647407842A0BE72915EC01DCD3C33E6D647406B7189D45E915EC04CA2660931D74740050000006B7189D45E915EC04CA2660931D747407BA662D65C915EC007BF678638D74740BD9DB12E50915EC03F940DB91FD7474084E760694D915EC0A6B8F9C3CDD64740F2DE05B757915EC019A36182D4D6474004000000CE8845792E915EC051B2CE83B9D6474084E760694D915EC0A6B8F9C3CDD647407481D2BB4F915EC00FB75A7312D7474032DC3A1B47915EC01FEC25A41ED747400400000032DC3A1B47915EC01FEC25A41ED74740B414AC882B915EC0D3279F9945D74740DBC563D42D915EC006EDE017B9D64740CE8845792E915EC051B2CE83B9D6474004000000F71E307D3C915EC0FAC4A4238FD74740811794952A915EC09C6E82B57FD74740B414AC882B915EC0D3279F9945D74740FE73AB1941915EC0CA0AB82027D74740040000007797D84151915EC0AAD760833FD74740450653A754915EC0F8D793F6A3D74740F71E307D3C915EC0FAC4A4238FD74740FE9C03373D915EC0B1DF61C47ED7474004000000FE9C03373D915EC0B1DF61C47ED74740FE73AB1941915EC0CA0AB82027D747407481D2BB4F915EC00FB75A7312D747407797D84151915EC0AAD760833FD74740030000007A50DA4D84915EC03B524FAC30D84740DCF0B67763915EC0C6E0814AE9D74740B800D9117D915EC0104E65A7C7D7474005000000B800D9117D915EC0104E65A7C7D7474077B4A33087915EC039C75A5BBAD74740F1F1C2848A915EC0A99EA979BED7474089594B9987915EC012C1BCD537D847407A50DA4D84915EC03B524FAC30D8474004000000A10E2EDE62915EC01E69217D99D74740E8D1624465915EC0F226196290D7474077B4A33087915EC039C75A5BBAD747403AC059186E915EC03AF41354DBD74740040000003AC059186E915EC03AF41354DBD74740DCF0B67763915EC0C6E0814AE9D74740778B8FB755915EC0FA2BA265CBD74740A10E2EDE62915EC01E69217D99D747400400000053E9209247915EC03CB9441401D84740778B8FB755915EC0FA2BA265CBD74740AB2B9AB468915EC0304189ADF4D74740920978F664915EC09CAC055D30D8474004000000E4CFCBE551915EC0E63907704BD84740F4BA1FE431915EC028A5A85753D8474053E9209247915EC03CB9441401D847401635503D4E915EC06E3EC6CE0BD84740040000001635503D4E915EC06E3EC6CE0BD84740920978F664915EC09CAC055D30D84740A423C68963915EC0CE6B911447D84740E4CFCBE551915EC0E63907704BD8474004000000AB2B9AB468915EC0304189ADF4D7474089594B9987915EC012C1BCD537D84740FC9D067287915EC00D34C6353ED84740A423C68963915EC0CE6B911447D8474005000000B00003D7AF915EC0029F54A6ECD7474005E40313B2915EC05C72FD69EFD747406C65F374B1915EC076BAC9F538D8474023B94F7AB0915EC0EF9B671234D8474043F7999990915EC035C9C5F23BD847400400000087BA105289915EC0187BEC45F0D74740F1F1C2848A915EC0A99EA979BED74740B00003D7AF915EC0029F54A6ECD74740F3171A1B9D915EC0F5006B341CD8474004000000F3171A1B9D915EC0F5006B341CD8474043F7999990915EC035C9C5F23BD84740FC9D067287915EC00D34C6353ED8474087BA105289915EC0187BEC45F0D747400300000076EF00109E915EC0164598CDB8D64740D7E3E16CB5915EC07BEA6C1B60D647400D158A6AB4915EC0411E0F62D8D64740040000000D158A6AB4915EC0411E0F62D8D6474081CA38EAB3915EC0D4396F1D14D747406F94234D92915EC0CC684373E5D6474076EF00109E915EC0164598CDB8D64740040000008AC4869890915EC0545A58963ED74740BDD9CF7F80915EC0D38D4C0629D747406F94234D92915EC0CC684373E5D64740EF8BCC35AC915EC061DF436B09D7474004000000EF8BCC35AC915EC061DF436B09D7474081CA38EAB3915EC0D4396F1D14D74740B890782BB3915EC0EA7E3AE66CD747408AC4869890915EC0545A58963ED74740040000005123B7A893915EC09E18CFB042D7474046514873A6915EC0E605A9DC5BD747404C3E37F08E915EC0C96E8B7A8DD74740E255DB1282915EC0A9D979C66FD7474004000000E255DB1282915EC0A9D979C66FD74740D13D4B8175915EC0E0EB1DC152D74740BDD9CF7F80915EC0D38D4C0629D747405123B7A893915EC09E18CFB042D74740040000004C3E37F08E915EC0C96E8B7A8DD74740C4E1EBAA7E915EC0A59CEFCFAFD74740E8D1624465915EC0F226196290D74740D13D4B8175915EC0E0EB1DC152D74740040000002692E70B8F915EC0049BD313C4D74740C4E1EBAA7E915EC0A59CEFCFAFD747408B6A18E29D915EC02FC6FDF06DD747400A3CC69DA1915EC0718E13E190D74740030000000A3CC69DA1915EC0718E13E190D74740E3DAF1BFAA915EC04A24375AE6D747402692E70B8F915EC0049BD313C4D7474004000000023478CEB2915EC054A8992E98D7474005E40313B2915EC05C72FD69EFD74740E3DAF1BFAA915EC04A24375AE6D747403F20022EA3915EC0FC07B6829FD74740050000003F20022EA3915EC0FC07B6829FD747408B6A18E29D915EC02FC6FDF06DD7474046514873A6915EC0E605A9DC5BD74740B890782BB3915EC0EA7E3AE66CD74740023478CEB2915EC054A8992E98D7474004000000E9D29321FB905EC00D6C84ED8DD64740DDA575B8EF905EC03AC9DC0275D647408E5DB19602915EC010709ECD28D6474052DA6A8012915EC0E28D02EA5AD647400400000052DA6A8012915EC0E28D02EA5AD647402BFA061D1E915EC079176A7A7FD6474012C09BCB0B915EC0FA6E9350B2D64740E9D29321FB905EC00D6C84ED8DD6474005000000DDA5F9BF22915EC0F29994F233D64740D6E599D82F915EC08E59BBA83DD64740AFF5DE8F2F915EC04379220D4FD647402BFA061D1E915EC079176A7A7FD6474076B3EC1E11915EC0E98FDF9056D647400400000076B3EC1E11915EC0E98FDF9056D647408E5DB19602915EC010709ECD28D64740948E123F05915EC080F26C111ED64740DDA5F9BF22915EC0F29994F233D6474004000000537E75D516915EC0590F6E06D7D547404D53EAEB1E915EC034BA755AB6D54740AD92B11F32915EC056AD1535B2D547406785848030915EC0AA8ECD8015D64740040000006F18113315915EC006ED1EE629D64740948E123F05915EC080F26C111ED64740537E75D516915EC0590F6E06D7D54740842D002527915EC0A4391EBAFED5474004000000842D002527915EC0A4391EBAFED547406785848030915EC0AA8ECD8015D64740D6E599D82F915EC08E59BBA83DD647406F18113315915EC006ED1EE629D6474004000000251CEF8FC9905EC0ECB048C7C8D54740E8EC0335E7905EC0B24F6461C2D54740CDF4540AE7905EC0BF980CA3CED54740C5430765D2905EC09437C7D9F6D5474004000000C5430765D2905EC09437C7D9F6D54740E55A085CC3905EC0B76D7B2214D64740E7BB5084A4905EC07F81B4C5D0D54740251CEF8FC9905EC0ECB048C7C8D54740030000001F280728DB905EC01AE1B51A48D64740E55A085CC3905EC0B76D7B2214D647400DA547E8D9905EC083CBBB37E8D54740040000000DA547E8D9905EC083CBBB37E8D54740CDF4540AE7905EC0BF980CA3CED547407EB2B217E5905EC0E6CA83CD5DD647401F280728DB905EC01AE1B51A48D64740040000001910E671F7905EC0092D3DD055D64740DDA575B8EF905EC03AC9DC0275D647407EB2B217E5905EC0E6CA83CD5DD6474007A9E4F8E5905EC0F26832261DD647400400000007A9E4F8E5905EC0F26832261DD647403A4F1452E6905EC0FAE4CD8A03D6474050006FC404915EC03AC0CA0020D647401910E671F7905EC0092D3DD055D64740030000005E5DFD8804915EC0B0A8C10CBCD547404D53EAEB1E915EC034BA755AB6D54740616C063F0D915EC0B2DB19C1FDD5474004000000616C063F0D915EC0B2DB19C1FDD547406554E8A607915EC057CAE85914D64740E6EFD67FF2905EC0CDEB6BF1BFD547405E5DFD8804915EC0B0A8C10CBCD54740050000006554E8A607915EC057CAE85914D6474050006FC404915EC03AC0CA0020D647403A4F1452E6905EC0FAE4CD8A03D64740E8EC0335E7905EC0B24F6461C2D54740E6EFD67FF2905EC0CDEB6BF1BFD547400400000091DA1FF39D905EC069877030D2D54740E7BB5084A4905EC07F81B4C5D0D54740CDBD6C2EBC905EC029A92A7504D64740E598DC06A2905EC0A53040A73AD6474004000000F3C5C8228F905EC09242F43216D647404BEDB9FA89905EC009B26A7FD6D5474091DA1FF39D905EC069877030D2D547402E455802A0905EC07AD958F506D64740040000002E455802A0905EC07AD958F506D64740E598DC06A2905EC0A53040A73AD647409F116A6094905EC01FDEC6EF56D64740F3C5C8228F905EC09242F43216D6474005000000D330E3F7A0905EC0AE3B2454A2D647407A83BD129B905EC0CC7CA5A6A9D647409F116A6094905EC01FDEC6EF56D647405634A5E8A4905EC07DE284AE34D647409150974DA9905EC0F05AF41C3FD64740030000009150974DA9905EC0F05AF41C3FD64740C33EF5E0C1905EC00D7DED7279D64740D330E3F7A0905EC0AE3B2454A2D64740040000002239AFB7CB905EC0803F596326D64740B92DD064E0905EC0A787B48A53D64740C33EF5E0C1905EC00D7DED7279D64740EB7BE9DCB5905EC0CE6663ED5CD6474004000000EB7BE9DCB5905EC0CE6663ED5CD647405634A5E8A4905EC07DE284AE34D64740CDBD6C2EBC905EC029A92A7504D647402239AFB7CB905EC0803F596326D64740040000004683B645A2905EC063274E9002D747407A83BD129B905EC0CC7CA5A6A9D64740FEB49627A8905EC03BAF056799D64740B3B2FC83B4905EC0976963DFADD64740040000002355645CBC905EC0BCCCF7ABF6D64740860B44FFA4905EC06F7ED73624D747404683B645A2905EC063274E9002D747409CC66C93A9905EC058E5C5A8E0D64740040000009CC66C93A9905EC058E5C5A8E0D64740B3B2FC83B4905EC0976963DFADD64740ABDB10F3CC905EC0232B8D55D6D647402355645CBC905EC0BCCCF7ABF6D64740040000001E9AF4CBAC905EC0B1C7728784D74740860B44FFA4905EC06F7ED73624D747400ECA1E55AE905EC0D314720412D74740D4F07A16BD905EC0C86F31D924D747400400000079B02FF6C6905EC03C8D0E5071D747401DDE8153B0905EC0865E4A1CB0D747401E9AF4CBAC905EC0B1C7728784D7474034C3F214B3905EC0C7FEE09D5FD747400400000034C3F214B3905EC0C7FEE09D5FD74740D4F07A16BD905EC0C86F31D924D74740365B56BAD6905EC08856BC9145D7474079B02FF6C6905EC03C8D0E5071D7474004000000C4A551BBD3905EC0E94A9A90E1D647402EAB082EEC905EC089DDF40B0AD74740365B56BAD6905EC08856BC9145D74740977D11A5CB905EC068A0FB6C37D7474004000000977D11A5CB905EC068A0FB6C37D747400ECA1E55AE905EC0D314720412D74740ABDB10F3CC905EC0232B8D55D6D64740C4A551BBD3905EC0E94A9A90E1D64740040000004C0EF735DE905EC052A6AEEAF2D6474061311E0ED2905EC0B45DE5C9DED64740C0BC1711E1905EC02BFB69D6A6D64740694EEDFCEE905EC013C6EF3DC5D6474004000000694EEDFCEE905EC013C6EF3DC5D647407F8BB34AFB905EC0FFFADD1CE0D647402EAB082EEC905EC089DDF40B0AD747404C0EF735DE905EC052A6AEEAF2D64740040000001D45CBD1FF905EC0BCCC492A98D6474012C09BCB0B915EC0FA6E9350B2D647407F8BB34AFB905EC0FFFADD1CE0D64740542C40B6EB905EC062804516BED6474004000000542C40B6EB905EC062804516BED64740C0BC1711E1905EC02BFB69D6A6D647409660CFE8EE905EC086636C3D73D647401D45CBD1FF905EC0BCCC492A98D6474004000000B132A0FEC6905EC0CDCF0C1873D64740B92DD064E0905EC0A787B48A53D647409660CFE8EE905EC086636C3D73D64740017C6BD8DE905EC06FFF061EAFD6474004000000D66A2328BE905EC00577A0D6BDD64740FEB49627A8905EC03BAF056799D64740B132A0FEC6905EC0CDCF0C1873D64740D159A40DD2905EC00B03CDEC8ED6474004000000D159A40DD2905EC00B03CDEC8ED64740017C6BD8DE905EC06FFF061EAFD6474061311E0ED2905EC0B45DE5C9DED64740D66A2328BE905EC00577A0D6BDD64740040000004F63566CEC905EC07AD30B1AEBD74740D9850833D8905EC0DDE3749722D84740662A3551CA905EC00238F771CAD74740CDDAFEECD4905EC0366B9027BAD7474004000000CDDAFEECD4905EC0366B9027BAD747400EBDE88DE4905EC0AEE88027A2D7474004DBD9E1FC905EC04B9E4CF0BDD747404F63566CEC905EC07AD30B1AEBD7474004000000662A3551CA905EC00238F771CAD74740690A5187BF905EC0D9905AEF85D74740A8D9F81EC3905EC08B39E4F77BD747400EBDE88DE4905EC0AEE88027A2D74740040000004B6892C3B3905EC0DF4F968EDAD747401DDE8153B0905EC0865E4A1CB0D74740690A5187BF905EC0D9905AEF85D747408113E149C6905EC04147F8DCB0D74740040000008113E149C6905EC04147F8DCB0D747403BFC78EBCE905EC00E87C6ABE7D747408B167E19B6905EC0F698E864F7D747404B6892C3B3905EC0DF4F968EDAD7474004000000C8758830CD905EC0827260CC40D847405C599829BF905EC06E9B214867D847408B167E19B6905EC0F698E864F7D747406C1E508BC0905EC00EDF1EC7F0D74740040000006C1E508BC0905EC00EDF1EC7F0D747403BFC78EBCE905EC00E87C6ABE7D74740D9850833D8905EC0DDE3749722D84740C8758830CD905EC0827260CC40D84740040000006B5E2DF4E0905EC0D413A25367D84740C5F517D4BF905EC035DFE7806FD847405C599829BF905EC06E9B214867D84740E360F156D4905EC0761B722E2DD8474004000000F7BBE35CF3905EC0484881A226D8474092414C860A915EC0950C38105DD847406B5E2DF4E0905EC0D413A25367D84740CE2A7038DD905EC019CF401E56D8474004000000CE2A7038DD905EC019CF401E56D84740E360F156D4905EC0761B722E2DD8474010B30EF0E3905EC08D70716202D84740F7BBE35CF3905EC0484881A226D8474005000000DE1AE87527915EC00E5B40D43ED84740568AE41427915EC0181D070356D8474092414C860A915EC0950C38105DD8474011226B35FB905EC0CF69871239D847402C7D24780B915EC07D9A30B414D84740040000002C7D24780B915EC07D9A30B414D84740B353003820915EC0FD3F034BE6D74740C0909FBF28915EC0767C9608F0D74740DE1AE87527915EC00E5B40D43ED8474004000000AC99E0F9F4905EC006D71AA2D3D7474004DBD9E1FC905EC04B9E4CF0BDD74740B353003820915EC0FD3F034BE6D747405EEF54C008915EC0A9B378C81AD84740040000005EEF54C008915EC0A9B378C81AD8474011226B35FB905EC0CF69871239D8474010B30EF0E3905EC08D70716202D84740AC99E0F9F4905EC006D71AA2D3D7474003000000B299D7E916915EC0B582C27593D64740AFF5DE8F2F915EC04379220D4FD64740BB2200DB2C915EC082C9F4B7F4D64740040000009336519012915EC09AD60C9FE4D647403598FCAF05915EC036F6C543C3D64740B299D7E916915EC0B582C27593D64740090AD0F125915EC0DB574D16D6D6474004000000090AD0F125915EC0DB574D16D6D64740BB2200DB2C915EC082C9F4B7F4D6474030EB490A2C915EC01D675F9D26D747409336519012915EC09AD60C9FE4D6474004000000FEBE4FA502915EC0C14BA2B4CBD647403598FCAF05915EC036F6C543C3D64740DE2FA93421915EC0F721D48C0AD7474097D9E8E306915EC0CE0B0DDF28D747400400000097D9E8E306915EC0CE0B0DDF28D747404D5CA61B01915EC0C1EA92882FD74740555E106BEC905EC06A269C6209D74740FEBE4FA502915EC0C14BA2B4CBD6474004000000E901F0D227915EC0C6FF8DB11BD7474030EB490A2C915EC01D675F9D26D74740AE3FA2A42A915EC004D73F1C7CD747407BB9DF7B14915EC0671AD94153D74740040000007BB9DF7B14915EC0671AD94153D747404D5CA61B01915EC0C1EA92882FD74740DE2FA93421915EC0F721D48C0AD74740E901F0D227915EC0C6FF8DB11BD74740040000006D1D5B6002915EC0B1A041DF31D747404FFBE03A15915EC08795FFA154D74740C5FFAF08F8905EC0149CF23C8DD74740EAC6D82AEA905EC0F086730E5BD7474004000000EAC6D82AEA905EC0F086730E5BD747406F8FE85EDE905EC02885FC5C30D74740555E106BEC905EC06A269C6209D747406D1D5B6002915EC0B1A041DF31D7474004000000B0E350F6D6905EC03AC75DA192D74740A8D9F81EC3905EC08B39E4F77BD747406F8FE85EDE905EC02885FC5C30D747408CED5EF7EA905EC00CAA9FF25DD74740040000008CED5EF7EA905EC00CAA9FF25DD74740C5FFAF08F8905EC0149CF23C8DD747407434F205EA905EC061377D66A8D74740B0E350F6D6905EC03AC75DA192D747400300000002BD41CB25915EC0515DDDA8ECD747409E280DDA0E915EC0E410D675D2D74740CCA2B68F19915EC0FEF476EA6AD7474005000000CCA2B68F19915EC0FEF476EA6AD74740D313A3CD1A915EC0290073E85ED74740AE3FA2A42A915EC004D73F1C7CD74740C0909FBF28915EC0767C9608F0D7474002BD41CB25915EC0515DDDA8ECD74740040000009915B52B00915EC0B65B83767DD747404FFBE03A15915EC08795FFA154D74740D313A3CD1A915EC0290073E85ED74740559BDEA914915EC07DBD7D459AD7474004000000559BDEA914915EC07DBD7D459AD747409E280DDA0E915EC0E410D675D2D747407434F205EA905EC061377D66A8D747409915B52B00915EC0B65B83767DD74740	1	5
12	2024-09-30 00:58:57.601352+00	Woodlandpark	0103000020E610000001000000040000000100002CB6955EC07DD247000FD54740010000D8AF955EC04118E4E41CD647400BD7A3844D965EC06A3AA80D1AD647400100002C3D965EC044B9A95D1AD54740	0103000020E61000001D000000040000009679B85745965EC05AA3A82E9AD547403297892840965EC009A0F41549D54740B058DFE62C965EC0A73818CFBFD54740B8B7D3342F965EC0D3730BB3C3D5474003000000B8B7D3342F965EC0D3730BB3C3D54740FEFF0DFF4A965EC07C24AE9CF2D547409679B85745965EC05AA3A82E9AD54740040000001E4B73B034965EC05515A3801AD64740FDD1A3844D965EC0E0B1AB0D1AD64740FEFF0DFF4A965EC07C24AE9CF2D547407A9969E03C965EC0B72DDBC6DAD54740040000007A9969E03C965EC0B72DDBC6DAD54740B058DFE62C965EC0A73818CFBFD547403559A81F1E965EC0DD5BFAE81AD647401E4B73B034965EC05515A3801AD6474004000000E8113FE221965EC0EFB34DCC86D54740588468D018965EC0973882011BD647403559A81F1E965EC0DD5BFAE81AD64740649AF82C35965EC0A82ECDCC8CD5474005000000F23186873C965EC0BE3DFD755FD547403297892840965EC009A0F41549D54740F8FBFF2B3D965EC0712FAD5D1AD5474024C1C29F28965EC0D3762CA318D547408B74526826965EC006A896DD3CD54740040000008B74526826965EC006A896DD3CD54740E8113FE221965EC0EFB34DCC86D54740649AF82C35965EC0A82ECDCC8CD54740F23186873C965EC0BE3DFD755FD54740040000008AF7B969F6955EC084218F0EFBD547400C36B083F4955EC0E9CB02A91BD64740CCA8A5EF15965EC06C4ECD0E1BD64740371FEA8F0B965EC073447814E0D5474003000000371FEA8F0B965EC073447814E0D54740166975DAFC955EC08C2058738CD547408AF7B969F6955EC084218F0EFBD5474005000000A3A61A5B1E965EC086916373C0D547400C2D93E81F965EC03E0E1414A7D5474025E46EEBFC955EC0B904CE4F8BD54740166975DAFC955EC08C2058738CD547403E6D247508965EC0303BD66DCED54740040000003E6D247508965EC0303BD66DCED54740CCA8A5EF15965EC06C4ECD0E1BD64740588468D018965EC0973882011BD64740A3A61A5B1E965EC086916373C0D547400400000039F1B883FF955EC0435D3EBE5ED5474025E46EEBFC955EC0B904CE4F8BD54740479297A51D965EC084389F48A5D54740B02AF64C11965EC07EB7FD4A51D5474004000000B02AF64C11965EC07EB7FD4A51D547402515AE9308965EC08618CCF015D547404C39C7C603965EC0DD455C8915D5474039F1B883FF955EC0435D3EBE5ED5474004000000711E38E124965EC02095ABD555D5474024C1C29F28965EC0D3762CA318D547402515AE9308965EC08618CCF015D54740B5DD215314965EC03919D6DD65D5474004000000B5DD215314965EC03919D6DD65D54740479297A51D965EC084389F48A5D547400C2D93E81F965EC03E0E1414A7D54740711E38E124965EC02095ABD555D5474004000000A7991DABE7955EC04D2F2DC8DFD547401B9F861EDA955EC075DDBBBAA2D547403BBF2EA7D3955EC04B5D9B35BAD547403D9EF930D7955EC02EC22F85EAD54740040000003D9EF930D7955EC02EC22F85EAD547407DB507D3DA955EC044C2561F1CD6474091FFC9F4F4955EC03C74F9A61BD64740A7991DABE7955EC04D2F2DC8DFD54740030000003BBF2EA7D3955EC04B5D9B35BAD5474083465184B8955EC0FAF813BD1CD647407DB507D3DA955EC044C2561F1CD647400400000036F371F6B1955EC09BCF7388C2D54740F3FAFFD7AF955EC0AD8FE7E41CD6474083465184B8955EC0FAF813BD1CD647405BB385E3CB955EC0C1B6F366D6D54740050000005BB385E3CB955EC0C1B6F366D6D547401B9F861EDA955EC075DDBBBAA2D54740FE6B2B9ED4955EC068515CF089D547406F9CCDAFB2955EC039B246A7A3D5474036F371F6B1955EC09BCF7388C2D5474004000000346CCF6DC6955EC01A0F3FFF49D547405ED51B66B9955EC058AAE5450FD5474036FBFF2BB6955EC09F464B000FD547402AC2355AB4955EC037559C9C5CD54740040000002AC2355AB4955EC037559C9C5CD547406F9CCDAFB2955EC039B246A7A3D54740FE6B2B9ED4955EC068515CF089D54740346CCF6DC6955EC01A0F3FFF49D54740030000008E776B31D9955EC05BD783F311D547405ED51B66B9955EC058AAE5450FD547401563DAB3D2955EC0CC97D64E81D547400400000050A00D5BE5955EC03754464853D54740AC0BCA41F4955EC0C204E93A14D547408E776B31D9955EC05BD783F311D547407DB729F3D5955EC07855A19849D54740040000007DB729F3D5955EC07855A19849D547401563DAB3D2955EC0CC97D64E81D547408B9AAE77D6955EC090EC224692D5474050A00D5BE5955EC03754464853D54740040000007FAFCCA1FE955EC0E839ACE66DD547404C39C7C603965EC0DD455C8915D54740AC0BCA41F4955EC0C204E93A14D54740081B4CEAE3955EC03413886059D5474005000000081B4CEAE3955EC03413886059D547408B9AAE77D6955EC090EC224692D54740D926EF97DA955EC04184D1DDA4D54740E4446249FD955EC058122F0285D547407FAFCCA1FE955EC0E839ACE66DD5474004000000C0B91BCBE8955EC07C58D1D9E4D5474091FFC9F4F4955EC03C74F9A61BD647400C36B083F4955EC0E9CB02A91BD6474094B05C4EF9955EC0E897685FC9D547400400000094B05C4EF9955EC0E897685FC9D54740E4446249FD955EC058122F0285D54740D926EF97DA955EC04184D1DDA4D54740C0B91BCBE8955EC07C58D1D9E4D54740	1	5
14	2024-09-30 19:30:32.468389+00	Woodlandsmol	0103000020E610000001000000040000000100000FC4955EC04C77A5EB60D5474001000096C4955EC02858677491D54740010000A2E5955EC0EBEA02B191D54740010000E0E3955EC0096D65B564D54740	0103000020E6100000010000000400000004FBFF0EC4955EC04AEBA8EB60D547408AFBFF95C4955EC0FFCC6A7491D54740C2FBFFA1E5955EC09D5F06B191D5474090F9FFDFE3955EC0F0E168B564D54740	1	5
15	2024-10-01 03:00:38.910838+00	asnewport	0103000020E61000000100000004000000518D577BC0D351C0765F018379BF4440010000EAC6D351C05081D9B6A3BF444040355E08A7D351C06DE7229B97BF44400100004EAED351C0A73EDD6C80BF4440	0103000020E61000000100000004000000AF54587BC0D351C0A5B7038379BF444038C700EAC6D351C02AD7DBB6A3BF4440C4FB5E08A7D351C0BD3D259B97BF444081C5004EAED351C0AD94DF6C80BF4440	1	5
16	2024-10-09 14:52:09.895622+00	ballardbig	0103000020E6100000010000000400000001000081E3D451C01C557603DBBB4440010000BE97D451C05D643E2DDEBB4440010000B393D451C0761470127FBB44400100002AE0D451C0767DFC6F7CBB4440	0103000020E61000000800000004000000E5A952359DD451C0B46EE1F2DDBB444062CC00BE97D451C064B9402DDEBB4440A1CE00B393D451C09F6972127FBB44403663A742A1D451C03AB7F29A7EBB4440040000003663A742A1D451C03AB7F29A7EBB44401BEEE68EA8D451C017AD9E5A7EBB444072D19CF0A8D451C0E75E9275DDBB4440E5A952359DD451C0B46EE1F2DDBB444004000000464FBCD4A9D451C04E2C664F7EBB44404BD30EAABBD451C0131023B27DBB444065D6F5E3BBD451C0EB6113ABDCBB4440D8DA62AFBAD451C01264F5B7DCBB444004000000D8DA62AFBAD451C01264F5B7DCBB444072D19CF0A8D451C0E75E9275DDBB44401BEEE68EA8D451C017AD9E5A7EBB4440464FBCD4A9D451C04E2C664F7EBB444004000000B88BB31BDBD451C020AAA39C7CBB44401BD0002AE0D451C078D1FE6F7CBB44409FCF0081E3D451C0EBA87803DBBB4440D31B9587D5D451C04E1AF498DBBB444004000000D31B9587D5D451C04E1AF498DBBB4440D3B1057DCFD451C02C598FD9DBBB444018B77F1FCED451C06EA1440F7DBB4440B88BB31BDBD451C020AAA39C7CBB4440040000001EDE6E03CBD451C08EE26809DCBB444065D6F5E3BBD451C0EB6113ABDCBB44404BD30EAABBD451C0131023B27DBB4440F6E2B290BFD451C013A3B98F7DBB444004000000F6E2B290BFD451C013A3B98F7DBB444018B77F1FCED451C06EA1440F7DBB4440D3B1057DCFD451C02C598FD9DBBB44401EDE6E03CBD451C08EE26809DCBB4440	1	5
18	2024-10-09 18:12:16.576842+00	Ballardfield	0103000020E610000001000000040000000100C038A8D451C0C5DA74ECABBB44400100806BA6D451C07A9A97D0B4BB444001008065ACD451C0F6ACADA8B6BB44400100C02FB1D451C02A34A5E7B2BB4440	0103000020E6100000010000000400000065CDC038A8D451C0BD2F77ECABBB444007CF806BA6D451C0D7F099D0B4BB444083CF8065ACD451C07B02B0A8B6BB444052CFC02FB1D451C0B188A7E7B2BB4440	1	5
\.


--
-- Data for Name: BurnUnitUpdateLog; Type: TABLE DATA; Schema: public; Owner: postgres
--

COPY public."BurnUnitUpdateLog" (id, "createdAt", "burnUnitId", "userId") FROM stdin;
\.


--
-- Data for Name: Decco; Type: TABLE DATA; Schema: public; Owner: postgres
--

COPY public."Decco" (id, name, status, "isVirtual", callsign, "organizationId") FROM stdin;
1	rosy-maple	OFFLINE	t	invalid	1
2	garden-tiger	OFFLINE	t	invalid	1
3	magpie	OFFLINE	t	invalid	1
4	early-grey	OFFLINE	f	invalid	1
5	old-lady	OFFLINE	t	invalid	1
6	oak-beauty	OFFLINE	t	invalid	1
\.


--
-- Data for Name: DeccoAuthentication; Type: TABLE DATA; Schema: public; Owner: postgres
--

-- [cut]


--
-- Data for Name: Survey; Type: TABLE DATA; Schema: public; Owner: postgres
--

COPY public."Survey" (id, type, "burnUnitId") FROM stdin;
1	PRE	3
2	PERI	4
3	PERI	1
4	PERI	4
5	PERI	4
6	PERI	4
7	PRE	6
8	PRE	6
9	PRE	4
10	PRE	4
11	PRE	4
12	PRE	4
13	PRE	4
14	PRE	4
15	PRE	4
16	PRE	4
17	PERI	4
18	PRE	4
19	PRE	4
20	PERI	4
21	POST	4
22	POST	4
23	POST	4
24	POST	4
25	POST	4
26	POST	4
27	POST	4
28	POST	4
29	PRE	15
30	PRE	4
31	PRE	4
32	PRE	4
33	PRE	4
34	PRE	4
35	PRE	4
36	PRE	4
37	PRE	4
38	PRE	4
39	PRE	4
40	PRE	4
41	PRE	4
42	PRE	4
43	PRE	4
44	PRE	4
45	PRE	4
46	PERI	4
47	PRE	4
48	PRE	3
49	PRE	3
50	POST	4
51	POST	4
52	POST	4
53	PRE	18
54	POST	18
55	PRE	18
56	POST	18
57	POST	18
58	POST	18
59	POST	4
60	PRE	4
61	PRE	4
62	PERI	4
63	PRE	4
64	PRE	4
65	PRE	4
66	PRE	4
67	PERI	4
68	PERI	4
69	PERI	4
70	PERI	4
71	PRE	4
72	POST	1
\.


--
-- Data for Name: Flight; Type: TABLE DATA; Schema: public; Owner: postgres
--

COPY public."Flight" (id, status, "startTime", duration, "endTime", path, subpolygon, "deccoId", "pilotId", "surveyId") FROM stdin;
1	ACTIVE	\N	\N	\N	\N	\N	5	6	1
4	NOT_STARTED	\N	\N	\N	\N	0103000020E610000001000000030000004EF13470326F58C011AA885E3C443E40506C0094116F58C06125720336443E40C15F61FB286F58C0CEA144FF8F443E40	\N	\N	3
5	NOT_STARTED	\N	\N	\N	\N	0103000020E61000000100000004000000C15F61FB286F58C0CEA144FF8F443E401E0B113D376F58C0F40443CFC6443E40DA302E483F6F58C0390A57DA3E443E404EF13470326F58C011AA885E3C443E40	\N	\N	3
6	NOT_STARTED	\N	\N	\N	\N	0103000020E61000000100000004000000DBA136B14D6F58C03F7EE329B3443E40EBE757B75D6F58C03662AABC44443E40DA302E483F6F58C0390A57DA3E443E404D0E53E63C6F58C0B9F9D41E67443E40	\N	\N	3
7	NOT_STARTED	\N	\N	\N	\N	0103000020E610000001000000040000004D0E53E63C6F58C0B9F9D41E67443E401E0B113D376F58C0F40443CFC6443E40C01941D2436F58C099C8832FF7443E40DBA136B14D6F58C03F7EE329B3443E40	\N	\N	3
9	NOT_STARTED	\N	\N	\N	\N	0103000020E6100000010000000300000067BEBD4AA26F58C090C4268DAC443E40FC250004CE6F58C0BAD8F66E5A443E40DD0B220B9E6F58C04EAA042B51443E40	\N	\N	3
10	NOT_STARTED	\N	\N	\N	\N	0103000020E610000001000000040000001B2194DB5C6F58C0EA0A0759CE443E40FD4E0A28516F58C0283B894A9B443E40C01941D2436F58C099C8832FF7443E40AA2E40D8526F58C05EC593F130453E40	\N	\N	3
11	NOT_STARTED	\N	\N	\N	\N	0103000020E61000000100000004000000DD0B220B9E6F58C04EAA042B51443E4051331B99846F58C0861A71404C443E409D2F89C28D6F58C082F8601CD3443E4067BEBD4AA26F58C090C4268DAC443E40	\N	\N	3
12	NOT_STARTED	\N	\N	\N	\N	0103000020E610000001000000040000000DE32282676F58C0F4E142E616453E405B444985676F58C00ABBDCEB1A453E406A2BB7337A6F58C0A58EF3D6F7443E4072808454766F58C0D74004664F443E40	\N	\N	3
13	NOT_STARTED	\N	\N	\N	\N	0103000020E6100000010000000400000072808454766F58C0D74004664F443E4042F89E31766F58C0225ED47749443E40F508F6DE666F58C02F17AF8146443E400DE32282676F58C0F4E142E616453E40	\N	\N	3
14	NOT_STARTED	\N	\N	\N	\N	0103000020E6100000010000000400000094F86F6D676F58C002C65677FC443E40F508F6DE666F58C02F17AF8146443E40EBE757B75D6F58C03662AABC44443E40FD4E0A28516F58C0283B894A9B443E40	\N	\N	3
15	NOT_STARTED	\N	\N	\N	\N	0103000020E610000001000000040000006A2BB7337A6F58C0A58EF3D6F7443E409D2F89C28D6F58C082F8601CD3443E4051331B99846F58C0861A71404C443E4042F89E31766F58C0225ED47749443E40	\N	\N	3
8	ACTIVE	\N	\N	\N	\N	\N	5	1	3
3	ACTIVE	\N	\N	\N	\N	\N	2	5	2
2	ACTIVE	\N	\N	\N	\N	\N	2	5	2
16	NOT_STARTED	\N	\N	\N	\N	0103000020E6100000010000000500000076AD1809A85156C0086E44FAE4D34240DB170045AD5156C08AE199B908D442401EC30015B05156C07CE3D1B136D44240E07A00CAA05156C0D449EBAC2CD44240A7C1CFE0985156C03A69DFB11FD44240	\N	\N	4
17	ACTIVE	\N	\N	\N	\N	\N	5	6	4
18	NOT_STARTED	\N	\N	\N	\N	0103000020E6100000010000000500000076AD1809A85156C0086E44FAE4D34240DB170045AD5156C08AE199B908D442401EC30015B05156C07CE3D1B136D44240E07A00CAA05156C0D449EBAC2CD44240A7C1CFE0985156C03A69DFB11FD44240	\N	\N	5
19	ACTIVE	\N	\N	\N	\N	\N	2	5	5
20	NOT_STARTED	\N	\N	\N	\N	0103000020E6100000010000000500000076AD1809A85156C0086E44FAE4D34240DB170045AD5156C08AE199B908D442401EC30015B05156C07CE3D1B136D44240E07A00CAA05156C0D449EBAC2CD44240A7C1CFE0985156C03A69DFB11FD44240	\N	\N	6
21	ACTIVE	\N	\N	\N	\N	\N	2	5	6
22	NOT_STARTED	\N	\N	\N	\N	0103000020E61000000100000005000000F8881C4BAD9A5EC023D7F26FFCD34740534A00E5AC9A5EC0D5AA2DDAFBD347407A0600D3919A5EC073536DB107D44740C1238054909A5EC0B886D04318D44740CB00FCC59F9A5EC0A81CDA9A49D44740	\N	\N	7
23	NOT_STARTED	\N	\N	\N	\N	0103000020E61000000100000005000000CB00FCC59F9A5EC0A81CDA9A49D44740779AFF69A09A5EC092ADD8A64BD447407F6E00E7B99A5EC068570D0141D44740D4C7FFC1C09A5EC0445D34FC18D44740F8881C4BAD9A5EC023D7F26FFCD34740	\N	\N	7
24	NOT_STARTED	\N	\N	\N	\N	0103000020E61000000100000005000000F8881C4BAD9A5EC023D7F26FFCD34740534A00E5AC9A5EC0D5AA2DDAFBD347407A0600D3919A5EC073536DB107D44740C1238054909A5EC0B886D04318D44740CB00FCC59F9A5EC0A81CDA9A49D44740	\N	\N	8
25	ACTIVE	\N	\N	\N	\N	\N	4	6	8
26	ACTIVE	\N	\N	\N	\N	\N	2	5	9
27	ACTIVE	\N	\N	\N	\N	\N	2	5	9
28	NOT_STARTED	\N	\N	\N	\N	0103000020E6100000010000000500000076AD1809A85156C0086E44FAE4D34240DB170045AD5156C08AE199B908D442401EC30015B05156C07CE3D1B136D44240E07A00CAA05156C0D449EBAC2CD44240A7C1CFE0985156C03A69DFB11FD44240	\N	\N	10
29	ACTIVE	\N	\N	\N	\N	\N	2	5	10
30	NOT_STARTED	\N	\N	\N	\N	0103000020E6100000010000000500000076AD1809A85156C0086E44FAE4D34240DB170045AD5156C08AE199B908D442401EC30015B05156C07CE3D1B136D44240E07A00CAA05156C0D449EBAC2CD44240A7C1CFE0985156C03A69DFB11FD44240	\N	\N	11
31	ACTIVE	\N	\N	\N	\N	\N	2	5	11
33	NOT_STARTED	\N	\N	\N	\N	0103000020E6100000010000000500000076AD1809A85156C0086E44FAE4D34240DB170045AD5156C08AE199B908D442401EC30015B05156C07CE3D1B136D44240E07A00CAA05156C0D449EBAC2CD44240A7C1CFE0985156C03A69DFB11FD44240	\N	\N	12
32	ACTIVE	\N	\N	\N	\N	\N	2	5	12
34	NOT_STARTED	\N	\N	\N	\N	0103000020E6100000010000000500000076AD1809A85156C0086E44FAE4D34240DB170045AD5156C08AE199B908D442401EC30015B05156C07CE3D1B136D44240E07A00CAA05156C0D449EBAC2CD44240A7C1CFE0985156C03A69DFB11FD44240	\N	\N	13
35	ACTIVE	\N	\N	\N	\N	\N	2	5	13
37	ACTIVE	\N	\N	\N	\N	\N	2	5	14
36	ACTIVE	\N	\N	\N	\N	\N	2	5	14
38	NOT_STARTED	\N	\N	\N	\N	0103000020E6100000010000000500000076AD1809A85156C0086E44FAE4D34240DB170045AD5156C08AE199B908D442401EC30015B05156C07CE3D1B136D44240E07A00CAA05156C0D449EBAC2CD44240A7C1CFE0985156C03A69DFB11FD44240	\N	\N	15
39	ACTIVE	\N	\N	\N	\N	\N	2	5	15
40	NOT_STARTED	\N	\N	\N	\N	0103000020E6100000010000000500000076AD1809A85156C0086E44FAE4D34240DB170045AD5156C08AE199B908D442401EC30015B05156C07CE3D1B136D44240E07A00CAA05156C0D449EBAC2CD44240A7C1CFE0985156C03A69DFB11FD44240	\N	\N	16
41	ACTIVE	\N	\N	\N	\N	\N	2	5	16
42	NOT_STARTED	\N	\N	\N	\N	0103000020E6100000010000000500000076AD1809A85156C0086E44FAE4D34240DB170045AD5156C08AE199B908D442401EC30015B05156C07CE3D1B136D44240E07A00CAA05156C0D449EBAC2CD44240A7C1CFE0985156C03A69DFB11FD44240	\N	\N	17
43	ACTIVE	\N	\N	\N	\N	\N	2	5	17
44	NOT_STARTED	\N	\N	\N	\N	0103000020E6100000010000000500000076AD1809A85156C0086E44FAE4D34240DB170045AD5156C08AE199B908D442401EC30015B05156C07CE3D1B136D44240E07A00CAA05156C0D449EBAC2CD44240A7C1CFE0985156C03A69DFB11FD44240	\N	\N	18
45	ACTIVE	\N	\N	\N	\N	\N	2	5	18
47	ACTIVE	\N	\N	\N	\N	\N	2	5	19
48	NOT_STARTED	\N	\N	\N	\N	0103000020E6100000010000000500000076AD1809A85156C0086E44FAE4D34240DB170045AD5156C08AE199B908D442401EC30015B05156C07CE3D1B136D44240E07A00CAA05156C0D449EBAC2CD44240A7C1CFE0985156C03A69DFB11FD44240	\N	\N	20
49	ACTIVE	\N	\N	\N	\N	\N	2	5	20
50	NOT_STARTED	\N	\N	\N	\N	0103000020E6100000010000000500000076AD1809A85156C0086E44FAE4D34240DB170045AD5156C08AE199B908D442401EC30015B05156C07CE3D1B136D44240E07A00CAA05156C0D449EBAC2CD44240A7C1CFE0985156C03A69DFB11FD44240	\N	\N	21
51	ACTIVE	\N	\N	\N	\N	\N	2	5	21
46	ACTIVE	\N	\N	\N	\N	\N	2	5	19
52	NOT_STARTED	\N	\N	\N	\N	0103000020E6100000010000000500000076AD1809A85156C0086E44FAE4D34240DB170045AD5156C08AE199B908D442401EC30015B05156C07CE3D1B136D44240E07A00CAA05156C0D449EBAC2CD44240A7C1CFE0985156C03A69DFB11FD44240	\N	\N	22
53	ACTIVE	\N	\N	\N	\N	\N	2	5	22
54	NOT_STARTED	\N	\N	\N	\N	0103000020E6100000010000000500000076AD1809A85156C0086E44FAE4D34240DB170045AD5156C08AE199B908D442401EC30015B05156C07CE3D1B136D44240E07A00CAA05156C0D449EBAC2CD44240A7C1CFE0985156C03A69DFB11FD44240	\N	\N	23
55	ACTIVE	\N	\N	\N	\N	\N	2	5	23
56	NOT_STARTED	\N	\N	\N	\N	0103000020E6100000010000000500000076AD1809A85156C0086E44FAE4D34240DB170045AD5156C08AE199B908D442401EC30015B05156C07CE3D1B136D44240E07A00CAA05156C0D449EBAC2CD44240A7C1CFE0985156C03A69DFB11FD44240	\N	\N	24
57	ACTIVE	\N	\N	\N	\N	\N	2	5	24
58	NOT_STARTED	\N	\N	\N	\N	0103000020E6100000010000000500000076AD1809A85156C0086E44FAE4D34240DB170045AD5156C08AE199B908D442401EC30015B05156C07CE3D1B136D44240E07A00CAA05156C0D449EBAC2CD44240A7C1CFE0985156C03A69DFB11FD44240	\N	\N	25
59	ACTIVE	\N	\N	\N	\N	\N	2	5	25
60	NOT_STARTED	\N	\N	\N	\N	0103000020E6100000010000000500000076AD1809A85156C0086E44FAE4D34240DB170045AD5156C08AE199B908D442401EC30015B05156C07CE3D1B136D44240E07A00CAA05156C0D449EBAC2CD44240A7C1CFE0985156C03A69DFB11FD44240	\N	\N	26
61	ACTIVE	\N	\N	\N	\N	\N	2	5	26
62	NOT_STARTED	\N	\N	\N	\N	0103000020E6100000010000000500000076AD1809A85156C0086E44FAE4D34240DB170045AD5156C08AE199B908D442401EC30015B05156C07CE3D1B136D44240E07A00CAA05156C0D449EBAC2CD44240A7C1CFE0985156C03A69DFB11FD44240	\N	\N	27
63	ACTIVE	\N	\N	\N	\N	\N	2	5	27
64	NOT_STARTED	\N	\N	\N	\N	0103000020E6100000010000000500000076AD1809A85156C0086E44FAE4D34240DB170045AD5156C08AE199B908D442401EC30015B05156C07CE3D1B136D44240E07A00CAA05156C0D449EBAC2CD44240A7C1CFE0985156C03A69DFB11FD44240	\N	\N	28
65	ACTIVE	\N	\N	\N	\N	\N	2	5	28
66	ACTIVE	\N	\N	\N	\N	\N	2	5	29
68	NOT_STARTED	\N	\N	\N	\N	0103000020E6100000010000000500000076AD1809A85156C0086E44FAE4D34240DB170045AD5156C08AE199B908D442401EC30015B05156C07CE3D1B136D44240E07A00CAA05156C0D449EBAC2CD44240A7C1CFE0985156C03A69DFB11FD44240	\N	\N	30
67	ACTIVE	\N	\N	\N	\N	\N	2	5	30
69	NOT_STARTED	\N	\N	\N	\N	0103000020E6100000010000000500000076AD1809A85156C0086E44FAE4D34240DB170045AD5156C08AE199B908D442401EC30015B05156C07CE3D1B136D44240E07A00CAA05156C0D449EBAC2CD44240A7C1CFE0985156C03A69DFB11FD44240	\N	\N	31
70	ACTIVE	\N	\N	\N	\N	\N	2	5	31
71	NOT_STARTED	\N	\N	\N	\N	0103000020E6100000010000000500000076AD1809A85156C0086E44FAE4D34240DB170045AD5156C08AE199B908D442401EC30015B05156C07CE3D1B136D44240E07A00CAA05156C0D449EBAC2CD44240A7C1CFE0985156C03A69DFB11FD44240	\N	\N	32
72	ACTIVE	\N	\N	\N	\N	\N	2	5	32
73	NOT_STARTED	\N	\N	\N	\N	0103000020E6100000010000000500000076AD1809A85156C0086E44FAE4D34240DB170045AD5156C08AE199B908D442401EC30015B05156C07CE3D1B136D44240E07A00CAA05156C0D449EBAC2CD44240A7C1CFE0985156C03A69DFB11FD44240	\N	\N	33
74	ACTIVE	\N	\N	\N	\N	\N	2	5	33
75	NOT_STARTED	\N	\N	\N	\N	0103000020E6100000010000000500000076AD1809A85156C0086E44FAE4D34240DB170045AD5156C08AE199B908D442401EC30015B05156C07CE3D1B136D44240E07A00CAA05156C0D449EBAC2CD44240A7C1CFE0985156C03A69DFB11FD44240	\N	\N	34
76	ACTIVE	\N	\N	\N	\N	\N	2	5	34
78	NOT_STARTED	\N	\N	\N	\N	0103000020E6100000010000000500000076AD1809A85156C0086E44FAE4D34240DB170045AD5156C08AE199B908D442401EC30015B05156C07CE3D1B136D44240E07A00CAA05156C0D449EBAC2CD44240A7C1CFE0985156C03A69DFB11FD44240	\N	\N	35
77	ACTIVE	\N	\N	\N	\N	\N	2	5	35
79	NOT_STARTED	\N	\N	\N	\N	0103000020E6100000010000000500000076AD1809A85156C0086E44FAE4D34240DB170045AD5156C08AE199B908D442401EC30015B05156C07CE3D1B136D44240E07A00CAA05156C0D449EBAC2CD44240A7C1CFE0985156C03A69DFB11FD44240	\N	\N	36
80	ACTIVE	\N	\N	\N	\N	\N	2	5	36
82	NOT_STARTED	\N	\N	\N	\N	0103000020E6100000010000000500000076AD1809A85156C0086E44FAE4D34240DB170045AD5156C08AE199B908D442401EC30015B05156C07CE3D1B136D44240E07A00CAA05156C0D449EBAC2CD44240A7C1CFE0985156C03A69DFB11FD44240	\N	\N	37
81	ACTIVE	\N	\N	\N	\N	\N	2	5	37
83	NOT_STARTED	\N	\N	\N	\N	0103000020E6100000010000000500000076AD1809A85156C0086E44FAE4D34240DB170045AD5156C08AE199B908D442401EC30015B05156C07CE3D1B136D44240E07A00CAA05156C0D449EBAC2CD44240A7C1CFE0985156C03A69DFB11FD44240	\N	\N	38
84	ACTIVE	\N	\N	\N	\N	\N	2	5	38
85	NOT_STARTED	\N	\N	\N	\N	0103000020E6100000010000000500000076AD1809A85156C0086E44FAE4D34240DB170045AD5156C08AE199B908D442401EC30015B05156C07CE3D1B136D44240E07A00CAA05156C0D449EBAC2CD44240A7C1CFE0985156C03A69DFB11FD44240	\N	\N	39
86	ACTIVE	\N	\N	\N	\N	\N	2	5	39
87	NOT_STARTED	\N	\N	\N	\N	0103000020E6100000010000000500000076AD1809A85156C0086E44FAE4D34240DB170045AD5156C08AE199B908D442401EC30015B05156C07CE3D1B136D44240E07A00CAA05156C0D449EBAC2CD44240A7C1CFE0985156C03A69DFB11FD44240	\N	\N	40
89	NOT_STARTED	\N	\N	\N	\N	0103000020E6100000010000000500000076AD1809A85156C0086E44FAE4D34240DB170045AD5156C08AE199B908D442401EC30015B05156C07CE3D1B136D44240E07A00CAA05156C0D449EBAC2CD44240A7C1CFE0985156C03A69DFB11FD44240	\N	\N	41
88	ACTIVE	\N	\N	\N	\N	\N	2	5	40
91	NOT_STARTED	\N	\N	\N	\N	0103000020E6100000010000000500000076AD1809A85156C0086E44FAE4D34240DB170045AD5156C08AE199B908D442401EC30015B05156C07CE3D1B136D44240E07A00CAA05156C0D449EBAC2CD44240A7C1CFE0985156C03A69DFB11FD44240	\N	\N	42
90	ACTIVE	\N	\N	\N	\N	\N	2	5	41
93	NOT_STARTED	\N	\N	\N	\N	0103000020E6100000010000000500000076AD1809A85156C0086E44FAE4D34240DB170045AD5156C08AE199B908D442401EC30015B05156C07CE3D1B136D44240E07A00CAA05156C0D449EBAC2CD44240A7C1CFE0985156C03A69DFB11FD44240	\N	\N	43
92	ACTIVE	\N	\N	\N	\N	\N	2	5	42
94	ACTIVE	\N	\N	\N	\N	\N	2	5	43
95	NOT_STARTED	\N	\N	\N	\N	0103000020E6100000010000000500000076AD1809A85156C0086E44FAE4D34240DB170045AD5156C08AE199B908D442401EC30015B05156C07CE3D1B136D44240E07A00CAA05156C0D449EBAC2CD44240A7C1CFE0985156C03A69DFB11FD44240	\N	\N	44
96	ACTIVE	\N	\N	\N	\N	\N	2	5	44
97	NOT_STARTED	\N	\N	\N	\N	0103000020E6100000010000000500000076AD1809A85156C0086E44FAE4D34240DB170045AD5156C08AE199B908D442401EC30015B05156C07CE3D1B136D44240E07A00CAA05156C0D449EBAC2CD44240A7C1CFE0985156C03A69DFB11FD44240	\N	\N	45
98	ACTIVE	\N	\N	\N	\N	\N	2	5	45
99	NOT_STARTED	\N	\N	\N	\N	0103000020E6100000010000000500000076AD1809A85156C0086E44FAE4D34240DB170045AD5156C08AE199B908D442401EC30015B05156C07CE3D1B136D44240E07A00CAA05156C0D449EBAC2CD44240A7C1CFE0985156C03A69DFB11FD44240	\N	\N	46
100	ACTIVE	\N	\N	\N	\N	\N	2	5	46
102	NOT_STARTED	\N	\N	\N	\N	0103000020E6100000010000000500000076AD1809A85156C0086E44FAE4D34240DB170045AD5156C08AE199B908D442401EC30015B05156C07CE3D1B136D44240E07A00CAA05156C0D449EBAC2CD44240A7C1CFE0985156C03A69DFB11FD44240	\N	\N	47
101	ACTIVE	\N	\N	\N	\N	\N	2	5	47
103	ACTIVE	\N	\N	\N	\N	\N	2	5	48
104	ACTIVE	\N	\N	\N	\N	\N	2	5	49
106	NOT_STARTED	\N	\N	\N	\N	0103000020E6100000010000000500000076AD1809A85156C0086E44FAE4D34240DB170045AD5156C08AE199B908D442401EC30015B05156C07CE3D1B136D44240E07A00CAA05156C0D449EBAC2CD44240A7C1CFE0985156C03A69DFB11FD44240	\N	\N	50
105	ACTIVE	\N	\N	\N	\N	\N	2	5	50
108	ACTIVE	\N	\N	\N	\N	\N	2	5	51
109	NOT_STARTED	\N	\N	\N	\N	0103000020E6100000010000000500000076AD1809A85156C0086E44FAE4D34240DB170045AD5156C08AE199B908D442401EC30015B05156C07CE3D1B136D44240E07A00CAA05156C0D449EBAC2CD44240A7C1CFE0985156C03A69DFB11FD44240	\N	\N	52
107	ACTIVE	\N	\N	\N	\N	\N	2	5	51
111	ACTIVE	\N	\N	\N	\N	\N	2	5	53
113	ACTIVE	\N	\N	\N	\N	\N	2	5	55
112	ACTIVE	\N	\N	\N	\N	\N	2	5	54
114	ACTIVE	\N	\N	\N	\N	\N	2	5	56
115	ACTIVE	\N	\N	\N	\N	\N	2	5	57
116	ACTIVE	\N	\N	\N	\N	\N	2	5	58
117	NOT_STARTED	\N	\N	\N	\N	0103000020E6100000010000000500000076AD1809A85156C0086E44FAE4D34240DB170045AD5156C08AE199B908D442401EC30015B05156C07CE3D1B136D44240E07A00CAA05156C0D449EBAC2CD44240A7C1CFE0985156C03A69DFB11FD44240	\N	\N	59
118	NOT_STARTED	\N	\N	\N	\N	0103000020E61000000100000005000000A7C1CFE0985156C03A69DFB11FD44240A232007F915156C08E4FEC9413D44240B2DD00DD7E5156C074154BC4EDD3424065640010A65156C01BAA8080D7D3424076AD1809A85156C0086E44FAE4D34240	\N	\N	59
110	ACTIVE	\N	\N	\N	\N	\N	3	5	52
119	NOT_STARTED	\N	\N	\N	\N	0103000020E6100000010000000500000076AD1809A85156C0086E44FAE4D34240DB170045AD5156C08AE199B908D442401EC30015B05156C07CE3D1B136D44240E07A00CAA05156C0D449EBAC2CD44240A7C1CFE0985156C03A69DFB11FD44240	\N	\N	60
120	ACTIVE	\N	\N	\N	\N	\N	3	5	60
122	NOT_STARTED	\N	\N	\N	\N	0103000020E6100000010000000500000076AD1809A85156C0086E44FAE4D34240DB170045AD5156C08AE199B908D442401EC30015B05156C07CE3D1B136D44240E07A00CAA05156C0D449EBAC2CD44240A7C1CFE0985156C03A69DFB11FD44240	\N	\N	61
121	ACTIVE	\N	\N	\N	\N	\N	3	5	61
123	NOT_STARTED	\N	\N	\N	\N	0103000020E6100000010000000500000076AD1809A85156C0086E44FAE4D34240DB170045AD5156C08AE199B908D442401EC30015B05156C07CE3D1B136D44240E07A00CAA05156C0D449EBAC2CD44240A7C1CFE0985156C03A69DFB11FD44240	\N	\N	62
125	NOT_STARTED	\N	\N	\N	\N	0103000020E6100000010000000500000076AD1809A85156C0086E44FAE4D34240DB170045AD5156C08AE199B908D442401EC30015B05156C07CE3D1B136D44240E07A00CAA05156C0D449EBAC2CD44240A7C1CFE0985156C03A69DFB11FD44240	\N	\N	63
126	ACTIVE	\N	\N	\N	\N	\N	3	5	63
127	NOT_STARTED	\N	\N	\N	\N	0103000020E6100000010000000500000076AD1809A85156C0086E44FAE4D34240DB170045AD5156C08AE199B908D442401EC30015B05156C07CE3D1B136D44240E07A00CAA05156C0D449EBAC2CD44240A7C1CFE0985156C03A69DFB11FD44240	\N	\N	64
128	ACTIVE	\N	\N	\N	\N	\N	3	5	64
129	NOT_STARTED	\N	\N	\N	\N	0103000020E6100000010000000500000076AD1809A85156C0086E44FAE4D34240DB170045AD5156C08AE199B908D442401EC30015B05156C07CE3D1B136D44240E07A00CAA05156C0D449EBAC2CD44240A7C1CFE0985156C03A69DFB11FD44240	\N	\N	65
130	ACTIVE	\N	\N	\N	\N	\N	3	5	65
131	NOT_STARTED	\N	\N	\N	\N	0103000020E6100000010000000500000076AD1809A85156C0086E44FAE4D34240DB170045AD5156C08AE199B908D442401EC30015B05156C07CE3D1B136D44240E07A00CAA05156C0D449EBAC2CD44240A7C1CFE0985156C03A69DFB11FD44240	\N	\N	66
132	ACTIVE	\N	\N	\N	\N	\N	3	5	66
134	NOT_STARTED	\N	\N	\N	\N	0103000020E6100000010000000500000076AD1809A85156C0086E44FAE4D34240DB170045AD5156C08AE199B908D442401EC30015B05156C07CE3D1B136D44240E07A00CAA05156C0D449EBAC2CD44240A7C1CFE0985156C03A69DFB11FD44240	\N	\N	67
133	ACTIVE	\N	\N	\N	\N	\N	3	5	67
135	NOT_STARTED	\N	\N	\N	\N	0103000020E6100000010000000500000076AD1809A85156C0086E44FAE4D34240DB170045AD5156C08AE199B908D442401EC30015B05156C07CE3D1B136D44240E07A00CAA05156C0D449EBAC2CD44240A7C1CFE0985156C03A69DFB11FD44240	\N	\N	68
124	ACTIVE	\N	\N	\N	\N	\N	3	5	62
138	NOT_STARTED	\N	\N	\N	\N	0103000020E6100000010000000500000076AD1809A85156C0086E44FAE4D34240DB170045AD5156C08AE199B908D442401EC30015B05156C07CE3D1B136D44240E07A00CAA05156C0D449EBAC2CD44240A7C1CFE0985156C03A69DFB11FD44240	\N	\N	69
136	ACTIVE	\N	\N	\N	\N	\N	3	5	68
139	NOT_STARTED	\N	\N	\N	\N	0103000020E61000000100000005000000A7C1CFE0985156C03A69DFB11FD44240A232007F915156C08E4FEC9413D44240B2DD00DD7E5156C074154BC4EDD3424065640010A65156C01BAA8080D7D3424076AD1809A85156C0086E44FAE4D34240	\N	\N	70
140	NOT_STARTED	\N	\N	\N	\N	0103000020E6100000010000000500000076AD1809A85156C0086E44FAE4D34240DB170045AD5156C08AE199B908D442401EC30015B05156C07CE3D1B136D44240E07A00CAA05156C0D449EBAC2CD44240A7C1CFE0985156C03A69DFB11FD44240	\N	\N	70
137	ACTIVE	\N	\N	\N	\N	\N	3	5	69
142	NOT_STARTED	\N	\N	\N	\N	0103000020E6100000010000000500000076AD1809A85156C0086E44FAE4D34240DB170045AD5156C08AE199B908D442401EC30015B05156C07CE3D1B136D44240E07A00CAA05156C0D449EBAC2CD44240A7C1CFE0985156C03A69DFB11FD44240	\N	\N	71
141	ACTIVE	\N	\N	\N	\N	\N	3	5	71
143	NOT_STARTED	\N	\N	\N	\N	0103000020E610000001000000030000004EF13470326F58C011AA885E3C443E40506C0094116F58C06125720336443E40C15F61FB286F58C0CEA144FF8F443E40	\N	\N	72
144	NOT_STARTED	\N	\N	\N	\N	0103000020E61000000100000004000000C15F61FB286F58C0CEA144FF8F443E401E0B113D376F58C0F40443CFC6443E40DA302E483F6F58C0390A57DA3E443E404EF13470326F58C011AA885E3C443E40	\N	\N	72
145	NOT_STARTED	\N	\N	\N	\N	0103000020E61000000100000004000000DBA136B14D6F58C03F7EE329B3443E40EBE757B75D6F58C03662AABC44443E40DA302E483F6F58C0390A57DA3E443E404D0E53E63C6F58C0B9F9D41E67443E40	\N	\N	72
146	NOT_STARTED	\N	\N	\N	\N	0103000020E610000001000000040000004D0E53E63C6F58C0B9F9D41E67443E401E0B113D376F58C0F40443CFC6443E40C01941D2436F58C099C8832FF7443E40DBA136B14D6F58C03F7EE329B3443E40	\N	\N	72
147	NOT_STARTED	\N	\N	\N	\N	0103000020E6100000010000000400000094F86F6D676F58C002C65677FC443E40F508F6DE666F58C02F17AF8146443E40EBE757B75D6F58C03662AABC44443E40FD4E0A28516F58C0283B894A9B443E40	\N	\N	72
148	NOT_STARTED	\N	\N	\N	\N	0103000020E61000000100000005000000AA2E40D8526F58C05EC593F130453E40CE0000C8556F58C0E7B8AB3B3C453E405B444985676F58C00ABBDCEB1A453E4094F86F6D676F58C002C65677FC443E401B2194DB5C6F58C0EA0A0759CE443E40	\N	\N	72
149	NOT_STARTED	\N	\N	\N	\N	0103000020E610000001000000040000001B2194DB5C6F58C0EA0A0759CE443E40FD4E0A28516F58C0283B894A9B443E40C01941D2436F58C099C8832FF7443E40AA2E40D8526F58C05EC593F130453E40	\N	\N	72
150	NOT_STARTED	\N	\N	\N	\N	0103000020E6100000010000000300000067BEBD4AA26F58C090C4268DAC443E40FC250004CE6F58C0BAD8F66E5A443E40DD0B220B9E6F58C04EAA042B51443E40	\N	\N	72
151	NOT_STARTED	\N	\N	\N	\N	0103000020E610000001000000040000000DE32282676F58C0F4E142E616453E405B444985676F58C00ABBDCEB1A453E406A2BB7337A6F58C0A58EF3D6F7443E4072808454766F58C0D74004664F443E40	\N	\N	72
152	NOT_STARTED	\N	\N	\N	\N	0103000020E610000001000000040000006A2BB7337A6F58C0A58EF3D6F7443E409D2F89C28D6F58C082F8601CD3443E4051331B99846F58C0861A71404C443E4042F89E31766F58C0225ED47749443E40	\N	\N	72
153	NOT_STARTED	\N	\N	\N	\N	0103000020E61000000100000004000000DD0B220B9E6F58C04EAA042B51443E4051331B99846F58C0861A71404C443E409D2F89C28D6F58C082F8601CD3443E4067BEBD4AA26F58C090C4268DAC443E40	\N	\N	72
154	NOT_STARTED	\N	\N	\N	\N	0103000020E6100000010000000400000072808454766F58C0D74004664F443E4042F89E31766F58C0225ED47749443E40F508F6DE666F58C02F17AF8146443E400DE32282676F58C0F4E142E616453E40	\N	\N	72
\.


--
-- Data for Name: FlightEvent; Type: TABLE DATA; Schema: public; Owner: postgres
--

COPY public."FlightEvent" (id, acknowledged, description, level, "startTime", type, location, "deccoId", "flightId") FROM stdin;
\.



--
-- Data for Name: UserAuthentication; Type: TABLE DATA; Schema: public; Owner: postgres
--

-- [cut]



--
-- Data for Name: session; Type: TABLE DATA; Schema: public; Owner: postgres
--

COPY public.session (sid, sess, expire) FROM stdin;
FMedyaVLeT_ArGbNwL0T3W2gKO7d7efX	{"cookie":{"originalMaxAge":86400000,"expires":"2024-10-18T18:23:38.732Z","httpOnly":true,"path":"/","sameSite":"Strict"},"authenticated":true,"decco":{"id":3,"name":"magpie","status":"OFFLINE","isVirtual":true,"callsign":"invalid","organizationId":1,"deccoId":3,"loginAttempts":0,"loginAttemptsExpiresAt":"2024-09-28T06:42:55.605Z"},"organization":{"id":1,"name":"R88"}}	2024-10-18 18:23:39
cfABPgRVXd6OxKFlYkfgcSNNTpEz_joE	{"cookie":{"originalMaxAge":86400000,"expires":"2024-10-18T19:35:23.786Z","httpOnly":true,"path":"/","sameSite":"Strict"},"authenticated":true,"decco":{"id":3,"name":"magpie","status":"OFFLINE","isVirtual":true,"callsign":"invalid","organizationId":1,"deccoId":3,"loginAttempts":0,"loginAttemptsExpiresAt":"2024-09-28T06:42:55.605Z"},"organization":{"id":1,"name":"R88"}}	2024-10-18 19:43:57
B_3DzffF3Vp3Sv4FhW9ewCxMqlFUMxUk	{"cookie":{"originalMaxAge":86400000,"expires":"2024-10-18T19:34:35.056Z","httpOnly":true,"path":"/","sameSite":"Strict"},"authenticated":true,"organization":{"id":1,"name":"R88"},"user":{"id":5,"email":"erin@robotics88.com","name":"Erin","organizationId":1}}	2024-10-19 15:50:04
\.


--
-- Data for Name: spatial_ref_sys; Type: TABLE DATA; Schema: public; Owner: postgres
--

COPY public.spatial_ref_sys (srid, auth_name, auth_srid, srtext, proj4text) FROM stdin;
\.


--
-- Name: BurnUnitUpdateLog_id_seq; Type: SEQUENCE SET; Schema: public; Owner: postgres
--

SELECT pg_catalog.setval('public."BurnUnitUpdateLog_id_seq"', 1, false);


--
-- Name: BurnUnit_id_seq; Type: SEQUENCE SET; Schema: public; Owner: postgres
--

SELECT pg_catalog.setval('public."BurnUnit_id_seq"', 18, true);


--
-- Name: Decco_id_seq; Type: SEQUENCE SET; Schema: public; Owner: postgres
--

SELECT pg_catalog.setval('public."Decco_id_seq"', 6, true);


--
-- Name: FlightEvent_id_seq; Type: SEQUENCE SET; Schema: public; Owner: postgres
--

SELECT pg_catalog.setval('public."FlightEvent_id_seq"', 1, false);


--
-- Name: Flight_id_seq; Type: SEQUENCE SET; Schema: public; Owner: postgres
--

SELECT pg_catalog.setval('public."Flight_id_seq"', 154, true);


--
-- Name: Migration_id_seq; Type: SEQUENCE SET; Schema: public; Owner: postgres
--

SELECT pg_catalog.setval('public."Migration_id_seq"', 1, true);


--
-- Name: Organization_id_seq; Type: SEQUENCE SET; Schema: public; Owner: postgres
--

SELECT pg_catalog.setval('public."Organization_id_seq"', 1, true);


--
-- Name: Survey_id_seq; Type: SEQUENCE SET; Schema: public; Owner: postgres
--

SELECT pg_catalog.setval('public."Survey_id_seq"', 72, true);


--
-- Name: User_id_seq; Type: SEQUENCE SET; Schema: public; Owner: postgres
--

SELECT pg_catalog.setval('public."User_id_seq"', 6, true);


--
-- PostgreSQL database dump complete
--

